,tar,out
0,125.78261,402.95553303564986
1,123.60869,406.20129175909057
2,121.434784,409.4470289687289
3,119.26087,412.6927690152485
4,117.08696,415.93850146917543
5,114.91305,419.1842329865761
6,112.73913,422.4299263779058
7,110.56521,425.6756171929799
8,108.391304,428.92133592137384
9,106.21739,432.1670036267002
10,104.04348,435.41265271528204
11,101.86957,438.65831107114803
12,99.695656,441.9039635213254
13,97.521736,445.14955255048966
14,95.347824,448.3952032584582
15,93.17391,451.6408014155101
16,91.0,454.8863724867098
17,87.0,458.13196358189316
18,79.0,461.3775514113244
19,70.0,464.62312121639053
20,79.0,466.87723694096826
21,66.0,466.79644296495445
22,66.0,465.71792275458495
23,66.0,474.07233729890953
24,66.0,471.9561417451216
25,75.0,475.87078887525917
26,66.0,480.14151408584956
27,66.0,484.65683381554675
28,66.0,494.3233121859247
29,62.0,495.0215245156643
30,58.0,499.476997738724
31,58.0,503.96083550107517
32,58.0,506.3859554407929
33,54.0,508.6368426752847
34,62.0,512.8462095947194
35,71.0,517.3316335116176
36,66.5,519.8586043103946
37,62.0,528.6243945426046
38,49.999996,538.7924513418681
39,49.999996,542.278864563436
40,46.000004,544.8561865822785
41,58.0,542.6625272085251
42,71.0,546.0382684149068
43,79.0,547.9154126265585
44,87.0,558.6082524616755
45,63.000004,571.3054271601034
46,58.0,582.1488202069531
47,49.999996,592.9243141334615
48,46.000004,586.081078691434
49,42.0,586.5901092516475
50,49.5,585.4634637921246
51,57.0,586.6014546702052
52,33.0,588.3239299271173
53,39.0,596.4417582668974
54,45.0,605.6692207093732
55,39.0,598.4087573859923
56,28.0,604.8523347576922
57,28.0,612.2992628788603
58,28.0,614.189689824464
59,22.0,612.9031613273562
60,33.0,616.5015740970559
61,171.0,620.5729016086106
62,239.0,621.8716432403244
63,108.0,632.0864355908066
64,152.0,712.4459691853142
65,196.0,766.9454276750831
66,240.0,714.270224343656
67,102.0,737.6527305782295
68,80.0,764.6533373371176
69,57.0,796.9345746838766
70,57.0,733.9746866449799
71,62.0,717.7099066015742
72,63.000004,701.5748343939973
73,91.0,700.318125846212
74,63.000004,706.1385310401
75,57.0,711.4404025849045
76,51.0,731.7757256599604
77,51.0,724.0146770978023
78,47.999996,724.5455567557393
79,45.0,724.6080294959535
80,34.0,727.9617191519432
81,34.0,730.6707666640904
82,28.0,733.431322364338
83,23.000002,731.8112008903868
84,42.0,735.3857501755275
85,33.0,736.2606935669736
86,23.999998,737.5656061186093
87,23.999998,751.8917581443004
88,30.0,753.0968244034334
89,26.0,753.0967396773707
90,26.0,756.9772245332275
91,32.0,764.350898408718
92,30.333334,767.3128424028972
93,28.666666,772.0541120819643
94,27.0,779.9989632294827
95,27.0,784.3290710991488
96,23.000002,788.374335231842
97,125.0,792.1328247370359
98,117.0,796.6401898505452
99,113.0,799.1253399811407
100,23.000002,858.8803906921855
101,17.0,868.2302433930463
102,17.0,875.4787092107756
103,19.0,832.6917451021297
104,13.0,825.785159136719
105,19.0,825.1481345691395
106,16.0,828.8652276318894
107,13.0,830.4445740012782
108,30.0,838.0502532333486
109,30.0,841.4585355332107
110,13.0,844.5387910273839
111,19.0,858.2388966194428
112,19.0,864.3184448560805
113,21.5,860.7152083531776
114,23.999998,867.5747078957431
115,19.0,871.9843635610586
116,19.0,878.0950898553249
117,19.0,884.576509955999
118,19.0,886.9985407712014
119,36.0,891.5139968689509
120,33.0,896.0771171414842
121,30.0,900.7545127814412
122,24.999998,914.7607413697402
123,19.0,919.4329621867585
124,30.0,923.2213036306842
125,59.0,925.2027475889396
126,53.0,926.0564788994529
127,44.5,935.9413024868842
128,36.0,957.0240494419658
129,31.0,961.6067643074749
130,24.999998,963.0040857407364
131,19.0,962.6768263026186
132,24.999998,963.4058578395885
133,19.0,963.8547645625376
134,55.500004,964.400682621788
135,92.00001,971.4774859489881
136,59.0,973.0951356075919
137,53.0,997.3458637496446
138,24.999998,1025.0049726426566
139,19.0,1016.9645186869122
140,19.0,1018.218330188505
141,73.5,1006.2432349038339
142,128.0,1004.2693011486043
143,54.0,1006.8960469304274
144,59.0,1040.367267673981
145,59.0,1079.4840102635883
146,172.0,1051.8844115555612
147,132.0,1056.7615919277794
148,146.5,1059.146974868133
149,161.0,1124.0226195951436
150,124.0,125.25988463392879
151,90.0,406.47264206256926
152,73.0,-357.0902306461434
153,102.0,-110.6772772487665
154,193.0,205.55000145326738
155,276.5,191.6879282815904
156,360.0,370.4091402048998
157,1594.9999,739.3410913784963
158,1137.0,782.9698815629483
159,1354.0,2144.3975537179554
160,1836.0,2312.788091885823
161,2501.0,1167.8037806256627
162,3210.5,2519.359889897758
163,3920.0,4165.227083112729
164,2498.0,4878.375186920914
165,1708.5,3212.807531690176
166,919.0,3483.9089621429275
167,777.0,1583.229071380865
168,937.00006,2106.0057471926775
169,1091.0,410.16414933919555
170,4825.0,991.5523612722916
171,8670.0,1529.99216855761
172,13831.0,2126.437856136423
173,9083.0,7212.961688557014
174,5193.0,8241.027850587792
175,6507.0,8983.472618745933
176,4440.0,6416.560250995684
177,2373.0,4061.3208339557605
178,2195.0,4434.431799891855
179,9740.001,3824.2369900876747
180,9633.0,3097.9454860495903
181,11497.0,4035.2951937427106
182,8050.0,12763.257250978357
183,7535.0005,8643.534278932813
184,7020.0,8096.666166348253
185,7158.0,6530.346959038171
186,6238.0,4790.993784696673
187,6937.0,5478.163306003954
188,11091.001,5391.814884640087
189,5748.0,6025.836112338398
190,6162.5,7092.203416007734
191,6577.0,9719.015106877765
192,7533.0,5458.158984242934
193,6326.0,4522.304657568496
194,11981.0,5220.806040850301
195,18606.0,7026.076783086396
196,20425.0,6764.7987638838285
197,16793.0,11625.077062238845
198,13161.0,17479.041562634728
199,9825.0,17218.78587596762
200,13322.0,13489.613263503326
201,10345.001,11718.961299558674
202,10032.0,10529.00091740707
203,10071.001,12536.368170151938
204,10051.5,10480.95192589598
205,10032.0,9176.451352212986
206,4271.0,8602.37244734459
207,6340.9995,8326.145844987152
208,12836.001,7110.673516120893
209,10367.999,5282.615420988475
210,8967.0,5740.853032459792
211,8080.0,10672.31394547724
212,7193.0,10096.434696017986
213,9113.0,7714.351647808712
214,7389.0,6003.0964744191515
215,5477.0005,5342.48483703913
216,4255.0,6683.636980392182
217,4855.0,5485.446351836503
218,4498.5,4008.541615408911
219,4142.0,3078.429008359533
220,4128.0,3493.9564591490766
221,4117.0,3244.9523170557786
222,3649.0,2837.574253789611
223,3441.0,3401.3057610623464
224,3073.0,2939.58862674324
225,3414.0,2761.0160870444392
226,3755.0,2569.3817565014933
227,4069.0,2516.791886781964
228,4320.0,3009.4388541932376
229,4031.0,3223.8381001342937
230,4015.0,3995.8635699879655
231,4942.0,3750.6680105422047
232,3970.5,3478.342997270771
233,2999.0,3325.0351136378113
234,2645.0,3580.959857868976
235,3020.0,2745.470269735144
236,2684.0,2346.159482178446
237,1927.0,1929.2489009953754
238,2075.0,2105.651339315131
239,2223.0,2044.4903673517672
240,1622.0,1441.0848601781631
241,1857.0,1421.9497104489149
242,1807.0,1780.7127955880583
243,1641.0,1257.4472484978369
244,1685.0,1396.859440946387
245,1578.0,1346.892249749458
246,1626.0,1464.410908699541
247,1674.0,1723.1591413726865
248,1993.0,1495.2037410017144
249,1681.0,1854.2476480159885
250,1457.0,1487.0055039114075
251,1332.0,1420.2016067862908
252,1579.0,1058.6923516808286
253,1638.0,1594.6908165647983
254,1697.0,1391.5497199297045
255,1658.0,1602.728228449934
256,2490.0,1716.8825340675603
257,3893.0,941.3418164970494
258,7603.0,1983.2675218226284
259,5057.0,3386.3896921436667
260,3847.5,3962.063695779068
261,2638.0,6438.746687145509
262,2648.0,4419.582925604343
263,1578.0,2939.47292693907
264,1253.0,1963.0535061645207
265,1398.9999,2014.5671945538893
266,1125.0,1296.7961417426939
267,1201.0,971.9341839789396
268,1277.0,1008.4080681741088
269,2591.9998,845.8163009113744
270,1703.0,880.9030358625395
271,995.99994,1743.5392552182263
272,1658.0,1671.8284733086393
273,1121.0,1124.6433741237481
274,1003.5,728.0566202207218
275,886.0,992.27924167105
276,1003.00006,1115.8905946511472
277,259.0,1019.2933790014085
278,515.0,616.4572479168194
279,358.0,586.5450666428193
280,240.0,328.579865958664
281,240.5,360.6604350282884
282,240.99998,341.8521407355362
283,240.99998,463.72387319766
284,280.0,158.0972917926981
285,355.0,62.35985079929105
286,23.000002,597.2949916543516
287,1237.0001,941.6831274958423
288,885.0,463.4052893090349
289,533.0,202.9317972840939
290,600.0,3043.8334716344502
291,831.0,847.5092932757582
292,348.0,81.39514147981753
293,502.0,631.8786748630046
294,416.0,1124.8199755258129
295,330.0,471.20866301502764
296,244.0,450.94122878982233
297,219.0,265.02579754764355
298,216.49998,216.6215555681847
299,214.00002,184.05213694908323
300,161.0,249.6029063159757
301,185.0,121.67665359261443
302,197.50002,2.9862333523427647
303,210.0,-69.18619097726138
304,107.00001,-110.02041643737344
305,55.0,-101.43605002551264
306,78.0,-90.81356561905741
307,77.00001,-141.94467589437508
308,26.0,-175.93797849165006
309,38.500004,-170.79684245386323
310,51.0,-171.63211129551817
311,229.99998,-196.72813382566446
312,94.0,-191.55682278181322
313,88.0,-183.86310313948226
314,57.0,-83.40476088646183
315,35.0,-137.81352921375935
316,59.5,-140.9174348269454
317,84.0,-159.34292725417671
318,58.0,-174.6318236124916
319,60.0,-162.54264545061847
320,60.0,-146.33073422827275
321,22.0,-154.88111547917248
322,134.0,-151.7899232808876
323,128.5,-149.9705915855169
324,123.0,-168.50482583725875
325,98.0,-108.52091719466891
326,104.0,-100.999394879861
327,80.0,-96.76895192596392
328,80.0,-106.31610466541392
329,62.0,-103.17303147713218
330,61.5,-114.58765465442335
331,61.0,-114.39940230446183
332,63.000004,-122.8041052894534
333,51.0,-122.65020433752488
334,38.0,-121.40062247474084
335,27.0,-118.2298424321086
336,23.999998,-122.0800475282238
337,23.999998,-127.5909790141947
338,23.999998,-132.79936048578003
339,17.0,-133.82438024055656
340,15.0,-132.41968047932693
341,15.0,-130.28033491612476
342,16.0,-131.61880564395443
343,17.0,-130.80648231856836
344,17.5,-128.8340837029253
345,18.0,-126.01685310175648
346,17.0,-122.901727350513
347,14.0,-119.96401460629164
348,13.0,-117.05057600407407
349,13.0,-114.97821682690265
350,13.0,-114.13606777554313
351,16.0,-112.46648612608593
352,19.0,-110.21233460184689
353,11.0,-107.80325465358341
354,11.0,-103.67113564816057
355,11.999999,-99.25059033978893
356,11.999999,-100.64318023810942
357,19.0,-98.61337060226461
358,8.0,-95.9114264133056
359,8.5,-93.46191882812032
360,9.0,-87.08427721247489
361,38.0,-89.88776639198832
362,126.00001,-87.70285834372322
363,126.00001,-85.30580318791822
364,140.0,-67.18915225758442
365,136.0,-14.255581104577693
366,136.5,-2.3163013927640876
367,137.0,13.085885821113024
368,119.0,16.485224107125696
369,123.0,19.66813948158693
370,123.0,22.58070395179196
371,118.0,15.32010027305373
372,124.0,18.444227774508736
373,121.5,20.376929792720016
374,119.0,20.030827989552467
375,102.0,25.447132222140052
376,113.0,26.88290457674127
377,124.0,28.04284376337408
378,153.0,21.10163855452393
379,135.0,27.894938272069506
380,132.33333,36.417657778638386
381,129.66667,55.908675055961965
382,127.0,52.05940817392623
383,103.0,53.29539594306628
384,128.0,53.7663421428512
385,119.0,54.09397681769757
386,103.0,43.151104585756094
387,111.00001,56.90843755743797
388,87.0,55.445984330169296
389,103.0,49.31866510753294
390,95.0,54.787685841806166
391,87.0,43.958422879771376
392,111.00001,53.12460471197171
393,95.0,51.61881503559715
394,87.0,49.44545930536477
395,79.0,64.18625200719698
396,103.0,59.57652214455904
397,71.0,57.44115803131696
398,63.000004,54.54391982328725
399,88.0,68.63130455494229
400,64.0,55.33382842703389
401,64.0,51.769138176939144
402,64.0,65.93815915746887
403,72.0,56.58380921230329
404,64.0,58.13089310269069
405,56.0,59.88644020655007
406,80.0,66.26342737298053
407,56.0,65.157374826121
408,56.0,63.04803468590599
409,56.0,77.62531010650441
410,64.0,68.67154160469099
411,64.0,70.1654089796626
412,56.0,71.90040177310036
413,56.0,78.27733558255393
414,56.0,81.51506878455656
415,48.5,80.12033975892359
416,41.0,82.09207521461387
417,49.0,84.1890784122418
418,41.0,82.47645444430745
419,65.0,80.25714820701208
420,41.0,86.05459344148255
421,41.0,84.39587893271367
422,41.0,99.50868315539874
423,41.0,90.88138237745949
424,33.0,92.37531305028398
425,33.0,94.11001740964068
426,42.0,96.14306020441826
427,34.0,94.32219173631069
428,49.999996,96.13050300174886
429,46.000004,103.11418401374306
430,42.0,101.9339474880796
431,42.0,112.90924060879797
432,27.0,114.44714961202692
433,26.0,115.12971538492495
434,27.0,117.40885695974544
435,18.0,111.4923868628892
436,18.0,112.05069725688618
437,18.0,114.22827219540214
438,18.0,111.59419499857908
439,18.0,113.34593988678836
440,28.0,115.40982448981524
441,20.0,117.74895451187275
442,28.0,120.27176835930823
443,23.999998,128.22437375213417
444,20.0,127.2966598429865
445,20.0,133.98133662550543
446,11.999999,134.82481732884443
447,11.999999,135.08122193196198
448,11.999999,137.19692064830616
449,11.999999,135.0811573585484
450,8.0,136.80765733290826
451,4.0,138.90426416951448
452,20.0,141.26370175017865
453,20.0,141.61452494957987
454,28.0,141.60804168218647
455,11.999999,152.2480195989584
456,11.999999,155.90521972106202
457,16.5,163.54244353988835
458,21.0,158.41869277265403
459,5.0,159.93834016538955
460,21.0,164.21533822778522
461,51.0,169.2568177451333
462,13.0,163.73355025156263
463,37.0,173.8461763172719
464,33.0,193.32679234397634
465,29.0,178.42193761241163
466,54.0,192.50644428958643
467,45.0,193.58876343904646
468,69.0,194.08523636376893
469,45.0,210.10169396639628
470,37.0,209.67589107528815
471,29.0,225.6762694392468
472,21.0,217.3419205088856
473,21.0,214.4719054621241
474,21.0,211.147165190612
475,21.0,207.69527168490598
476,37.0,208.91370067033952
477,21.0,210.84675708570748
478,17.0,213.2060322604611
479,13.0,224.41614768321435
480,37.0,219.6802196332612
481,13.0,219.4541365528234
482,99.0,218.92145112364292
483,227.0,233.5783933146436
484,195.0,224.9184524239647
485,119.0,273.1902383074718
486,43.0,352.10616370902625
487,51.0,352.77946745741184
488,470.0,319.752931629892
489,329.0,275.1277124478908
490,129.0,270.50269573783123
491,99.0,495.6447506411827
492,75.0,457.90954095495005
493,51.0,361.7336335055128
494,0.0,331.13878488644883
495,29.0,304.4154272426523
496,37.0,286.0829277171702
497,29.0,256.87877071801216
498,29.0,268.8233121147282
499,24.999998,275.07231799344385
500,21.0,274.47015883027916
501,13.0,277.295974870097
502,21.0,277.3833154681133
503,21.0,277.21318772711885
504,21.0,274.82127070470307
505,13.0,280.67802473256035
506,13.0,283.40690958020514
507,13.0,286.1922794951854
508,45.0,284.5339912247036
509,21.0,286.3416968306953
510,41.0,288.43758551612285
511,61.0,308.17176464680443
512,13.0,300.52087435810745
513,68.0,313.46432253213186
514,76.0,328.00624020310033
515,42.0,21.021509767605785
516,33.0,1437.151014735421
517,28.0,176.4839896811273
518,29.0,-281.51475397080736
519,33.0,-73.64492603177816
520,26.5,55.22181173947733
521,20.0,37.25624452604005
522,11.0,76.1874420701066
523,27.0,55.40132274197797
524,75.0,115.34482495361533
525,99.0,-33.09407893378781
526,83.0,171.60834389317966
527,111.00001,289.7317829452212
528,139.0,138.99153299234897
529,284.0,-55.93158211578058
530,750.0,410.84309132084906
531,1692.9999,663.7718765980009
532,2293.0,2129.4976171174585
533,1885.0,2607.2403069374195
534,1373.0,1857.4445653005446
535,861.00006,2291.598656283792
536,673.0,1491.6985966720201
537,505.0,823.1384890934171
538,356.0,657.6307337002937
539,271.0,426.7266070171843
540,512.0,304.11118371430524
541,410.5,219.13411725562332
542,309.0,250.3233804846178
543,414.0,732.77752140667
544,289.0,576.5025247015266
545,251.0,482.7405976937135
546,233.00002,37.354304556891854
547,221.0,186.8507279233502
548,282.0,418.46577074477005
549,343.0,278.4387492282799
550,489.0,-51.19565697826631
551,771.0,304.9619838558124
552,1043.0,319.49167962896007
553,2156.0,1206.4738120343045
554,8359.0,2945.8892053608947
555,10301.0,2454.5782745546344
556,12243.0,5578.754049258718
557,9191.0,7258.42488846279
558,5689.0,8396.450404276935
559,3541.0,9617.40685166314
560,10064.0,8033.902255403419
561,7344.0,5493.0912273744725
562,7377.5,5551.591022278871
563,7411.0,8365.997226526782
564,17825.0,6727.65067898698
565,7175.0,8234.888590014807
566,4372.0,8149.9574663518915
567,8841.0,14122.818383587977
568,14939.0,7123.684970754629
569,11473.501,4898.959556426745
570,8008.0,6972.950077684113
571,6215.0,11327.60211854482
572,9973.0,9839.173556951411
573,10896.0,6909.323891652089
574,9623.0,6479.026738013707
575,12083.0,9248.67748522011
576,12973.001,9161.560323470203
577,13863.0,7962.962281032217
578,12244.0,8967.374861347736
579,9580.0,10298.186825609082
580,3389.0,11826.987918546012
581,4608.0,10708.48928057938
582,6209.0,7048.635358143184
583,5405.5,3109.4165185098113
584,4602.0,3361.2819349132415
585,3098.0,4209.573171399347
586,2755.0,4533.27071065592
587,2373.0,3155.225984369526
588,2738.0,2285.1007833993685
589,2412.0,2159.9100127950246
590,2255.5,1594.101165966421
591,2099.0,1833.6497334030425
592,1545.0,1623.4857819297147
593,1494.0,2283.3040259179147
594,1494.0,1806.6828828609055
595,1128.0,1140.5122981857844
596,939.0,1496.317684248195
597,783.5,1558.8756109404885
598,628.0,813.0952326478277
599,958.0,586.4957314294585
600,2237.0,459.32072760376604
601,3295.0,582.3156956519546
602,1927.0,1441.1938159128574
603,6841.0,2242.214803427012
604,6133.5005,3528.2612087441125
605,5426.0,3661.762457889915
606,4562.0,5557.770407832891
607,5229.0,5390.095886394285
608,4603.0,3236.3108757658415
609,5136.0,3910.4029203740297
610,7221.0005,4434.3965479561575
611,5506.5005,3727.1000542762554
612,3792.0,5114.141037547559
613,3083.0,5231.637749032563
614,2934.9998,3885.915430535029
615,2597.0,3105.4384206629397
616,2604.0,2717.5889825337513
617,3006.0,2278.8956083825346
618,2722.5,1791.485550843661
619,2439.0,1890.7536236226108
620,1951.0,2283.239071752529
621,2164.0,1843.115807597255
622,2037.0,1735.909899966369
623,1777.0,1275.9286549899687
624,1550.0,1422.4732156201867
625,1687.5001,1557.272660027008
626,1825.0001,1303.5391999238855
627,1895.0,1089.1975812094904
628,1403.0,2959.5777195560026
629,1501.9999,2203.5832955056985
630,1067.0,1793.5010921935377
631,1155.0,2281.4034487744793
632,896.5,1876.7344196985734
633,638.00006,919.4266113903849
634,1695.0,2401.970167312872
635,958.0,1306.9489141532094
636,353.0,211.15674560002992
637,353.0,889.0526049455865
638,578.0,666.1637346033267
639,486.0,623.4373509853582
640,394.0,510.2238078899267
641,120.0,1373.1849891314685
642,169.0,128.8459921061265
643,611.0,136.3428846250891
644,1521.0001,865.2044773654719
645,831.0,185.23597938342206
646,501.50003,817.445190243961
647,172.0,1366.1258966867895
648,11.0,791.9796140219202
649,124.0,269.1323513333337
650,46.000004,105.35702957596837
651,57.0,179.11603946702564
652,187.0,52.435892764107855
653,265.0,182.10768653798743
654,343.0,63.656313964962216
655,271.0,503.7350272390921
656,323.0,486.61020924147334
657,409.0,237.98814808940847
658,621.00006,111.61515506289763
659,325.0,794.0463204448283
660,363.0,583.2763747646837
661,401.0,1263.406214576303
662,143.0,331.0259580689784
663,40.0,417.4288175587543
664,37.0,484.9218090039034
665,37.0,6.172328751293951
666,67.0,56.93387072789251
667,107.5,71.84000385308785
668,148.0,45.250609140254824
669,84.99999,68.05512320715242
670,63.000004,99.24258799583832
671,133.0,133.02699898349164
672,71.0,111.77940417113517
673,575.0,103.77352784496065
674,528.5,143.87182924790196
675,481.99997,120.56919190922868
676,655.0,398.5833949152401
677,578.0,423.02347767674496
678,758.0,425.7896660924876
679,405.0,529.9841559922968
680,571.0,506.7629956225782
681,540.5,612.4808753291406
682,510.0,442.8711937853385
683,507.0,516.0992754236099
684,511.0,505.79990032585386
685,485.0,494.7263899483401
686,630.99994,498.7192754835633
687,1065.0,504.9530629321766
688,1041.0,496.98683484842013
689,1017.0,580.6759983953854
690,987.0,834.6506911112797
691,987.0,874.1909520081767
692,987.0,891.7073861033758
693,963.0,887.4382564806307
694,956.0,889.5686905678409
695,767.5,894.0576670663095
696,579.0,886.9911183101665
697,361.0,887.6255928107863
698,339.99997,789.9444350771324
699,310.0,676.4744721284609
700,268.0,537.6588280951318
701,237.0,499.47364661195695
702,221.0,472.41849353028476
703,205.0,447.94175360855115
704,71.0,431.9095397751472
705,330.0,424.18112804745317
706,372.0,418.13339246990796
707,415.0,349.0362452488216
708,367.0,483.10601551632146
709,240.99998,528.1482599515606
710,114.99999,572.896579572403
711,14.0,564.77720340164
712,229.99998,501.80276191134396
713,386.0,427.0325763190761
714,197.0,359.82169951571916
715,133.0,465.3781438899811
716,154.00002,567.9963185994886
717,175.0,495.3361481185884
718,226.0,463.0100180099593
719,205.0,468.3841003801198
720,221.0,480.97282131753434
721,199.99998,516.9329946055359
722,49.999996,518.2123626802411
723,72.0,534.7510238586013
724,514.0,531.2776783995788
725,956.0,454.9599384893949
726,168.0,459.29456850739257
727,160.0,699.4061068842325
728,148.0,983.565973767534
729,152.0,625.7803601839294
730,136.0,590.2152494537485
731,113.5,556.5663690115011
732,91.0,547.7477355634011
733,120.0,545.1941360195136
734,124.0,538.0963697198958
735,116.0,529.6780120518454
736,103.0,548.4677379694746
737,99.99999,558.1511478745888
738,95.5,561.8318700121393
739,91.0,561.4430346664572
740,95.99999,564.8875879381492
741,95.99999,567.8997647457761
742,95.99999,571.2092521304658
743,84.0,579.8006367618264
744,92.00001,586.4953970101542
745,94.0,593.2501138701078
746,95.99999,593.4165184901674
747,101.0,603.2679382667383
748,88.0,611.0085291539358
749,72.0,619.035005741915
750,76.0,628.7780191023362
751,72.0,628.8938810801228
752,82.0,625.9328036338453
753,92.00001,632.6636944117029
754,86.0,636.3112693254835
755,92.00001,647.8506206715994
756,75.0,660.6217017067237
757,86.0,665.289452730958
758,75.0,675.328179416678
759,66.5,673.0983389518004
760,58.0,684.3295617552831
761,64.0,685.1359799683107
762,64.0,686.3588467111827
763,58.0,687.2021579841436
764,75.0,695.6030864040481
765,58.0,702.0931379727367
766,52.5,705.5628445050604
767,47.0,720.9589203305176
768,53.0,719.5087468664664
769,43.0,722.36858275927
770,60.0,724.9109451613288
771,47.999996,733.6179196724657
772,37.0,734.9000898795468
773,40.0,750.0246068397716
774,43.0,751.1981941486067
775,54.0,751.437544247602
776,43.0,758.3698569866592
777,37.0,766.0163238302271
778,26.0,778.773154787263
779,26.0,780.5860945379561
780,26.0,783.5741040363218
781,26.0,783.2837805647694
782,32.0,788.3374621649331
783,26.0,794.2094186450165
784,26.0,800.5663734869422
785,31.0,810.4046113321735
786,45.0,814.2643424575998
787,33.0,820.629084970464
788,21.0,829.7264807736002
789,21.0,844.2327583721723
790,21.0,845.8171474532608
791,38.0,845.6594599392295
792,95.99999,850.8124549616309
793,78.0,856.5091963226124
794,55.500004,872.0752592158974
795,33.0,911.6633196815327
796,27.0,914.564062283232
797,27.0,910.7614988850487
798,38.0,903.3358029031541
799,38.0,903.0818446642289
800,39.0,907.4686431101405
801,30.5,919.2438610772788
802,22.0,926.686501555961
803,28.0,934.3975939726727
804,28.0,936.6775671160358
805,17.0,937.9379712130419
806,11.0,946.5833888932141
807,11.0,953.0749263601098
808,13.5,953.8321017488657
809,16.0,956.2948558597786
810,22.0,961.7529773799216
811,28.0,969.1479171326389
812,11.0,977.1881817586378
813,11.0,987.3838532582937
814,11.0,997.9432874844958
815,28.0,996.2037286680551
816,45.0,1001.7073869120787
817,52.0,1007.5038948689197
818,40.0,1022.9686304295059
819,52.0,1040.2989033170056
820,41.0,1053.1078748288037
821,58.0,1055.0539628340086
822,54.0,1067.7958893874204
823,49.999996,1068.9811253168007
824,56.0,1084.2043987737002
825,84.99999,1089.7918363269318
826,74.0,1094.528328335083
827,74.0,1104.1414147148337
828,91.0,1126.707614357449
829,74.0,1130.1506453040995
830,57.0,1137.4183999027136
831,35.0,1153.2305398366136
832,41.0,1151.8813232526466
833,23.999998,1148.6221884060549
834,30.0,1141.1793586888439
835,35.0,1147.7983474862788
836,38.500004,1144.1695397841079
837,42.0,1152.361828873414
838,80.0,1161.4091668338378
839,76.0,1170.3136154941908
840,76.0,1179.4975201975576
841,98.0,1207.308536738224
842,82.0,1215.3760212457762
843,65.0,1223.6998698216837
844,47.999996,1242.7821336868788
845,60.0,1242.5660234324355
846,71.0,1239.6635986925708
847,83.0,1235.0899117235836
848,40.0,1245.433358398619
849,47.999996,1257.8077028046177
850,47.999996,1272.1833612188022
851,47.999996,1257.3289666083404
852,66.0,1265.2713716648093
853,77.00001,1270.5177243326862
854,60.0,1276.6548137630766
855,83.0,1293.1702427426158
856,83.0,1307.3339510252101
857,99.0,1306.6338583012193
858,114.99999,1325.132543466321
859,164.0,1333.0883587767228
860,176.0,1349.239027529096
861,185.0,1366.4045349621638
862,820.0,1401.8698874448835
863,154.00002,1420.528607260731
864,118.5,1436.010658791998
865,83.0,1789.7052167532663
866,66.0,1492.3248576859241
867,51.0,1454.1388850907958
868,51.0,1415.5950098618023
869,43.0,1394.3738345418537
870,36.0,1388.6786271370438
871,40.333332,1392.292040230418
872,44.666668,1393.3872240208468
873,49.0,1395.1508794121228
874,105.0,1403.032454235644
875,243.0,1411.819482045624
876,99.99999,1421.2319258131097
877,59.0,1458.9177128001102
878,77.00001,1545.7341887678133
879,101.0,1490.1267248703155
880,114.99999,240.4345354246608
881,188.0,446.5926432960392
882,124.0,-58.87838600398515
883,84.0,939.102968089639
884,70.0,1039.1117200535853
885,94.0,102.25554537767422
886,118.0,46.39070443015858
887,110.0,-22.87000807440722
888,119.0,372.7871920030756
889,151.0,143.80206861660926
890,236.0,-20.065283814771497
891,285.0,189.39201439051692
892,332.0,801.9480412925727
893,379.0,225.93490157372918
894,464.0,658.0537966096173
895,2362.0,819.7412039625706
896,2399.0,912.158217413617
897,2654.0,1716.6589972535137
898,2556.0,6949.8852403022165
899,2446.5,6990.464711402141
900,2337.0,5904.83497743071
901,1811.0,4382.327004813072
902,3904.9998,2972.459164527913
903,1809.0,2816.9547708812593
904,1292.0,7283.348365088356
905,1184.0,4657.153570433002
906,951.0,-224.8290802341825
907,718.0,140.96779908340315
908,670.00006,1207.8259584634106
909,694.0,622.8279101109015
910,682.0,504.41993415036274
911,658.0,679.3517087857364
912,610.0,546.1265631314444
913,888.00006,311.89558392519814
914,1166.0,396.47963461674556
915,1805.0,428.58891376165
916,5262.0005,2176.505632102816
917,5133.0,2089.857197682249
918,4000.0,1503.0205219723382
919,2867.0,3488.387104183239
920,2648.0,3810.8224452858317
921,2429.0,2853.2780339325027
922,2660.9998,1792.262980833961
923,7082.0,1968.8541335223106
924,10253.0,1935.1280210823086
925,9253.0,2690.3223152626183
926,5281.0005,6194.412392470935
927,4790.5,7899.032859208679
928,4300.0,8021.429436133132
929,2684.0,4749.575693295237
930,1167.0,3612.7298667510713
931,2486.0,3297.6050034374794
932,2234.0,2187.514371971116
933,2338.0,1002.5462099463988
934,1750.0,2210.1675969316007
935,1162.0,2050.700770730816
936,998.0,2091.3345901061666
937,1618.0,1317.9134104713905
938,1652.0,723.7513803903345
939,1276.0001,731.2751317934801
940,1942.0,1204.85910098163
941,2192.5,1549.5694569367247
942,2443.0,982.4303118548837
943,4369.0,1666.8046799154183
944,5813.0,1763.1694779438558
945,3392.0,2630.73805261883
946,2497.0,4220.515112769144
947,2745.0,4968.893450066976
948,4043.5,2721.418876165773
949,5341.9995,2281.872336249524
950,3448.0,2252.0664842919177
951,5663.0,3161.8744766118866
952,4586.0,4379.86738180627
953,3228.9998,3263.88417112285
954,2542.0,3722.804857083698
955,2547.5,3037.6192737024608
956,2552.9998,2218.574538020371
957,2075.0,2838.2538344682835
958,1287.0,3181.9443553015717
959,1200.0,2131.9671990758543
960,1382.0,1636.7385436856198
961,750.0,2001.0194359884763
962,776.0,2172.346448536135
963,802.0,1125.107254969786
964,2100.0,386.08743817409993
965,612.0,414.67700094949305
966,2250.0,714.4824219379002
967,2125.0,1473.6143144876692
968,2476.0,526.1111041968775
969,2216.0,1348.3591862231547
970,1956.0,1487.210144856827
971,951.0,1659.7949938677043
972,1197.0,1572.7450051941544
973,1455.0,1546.7802459953687
974,2639.0,793.3210609937431
975,2217.0,930.8584239070256
976,2719.4998,2071.186696078361
977,3222.0,2260.102352629348
978,1194.0,3015.1188779920885
979,1066.0,1902.6066680334634
980,916.0,1907.840669816749
981,1052.0,1318.276105965936
982,802.0,1020.6488569105717
983,920.5,621.2769591979687
984,1039.0,764.9206597959189
985,1039.0,715.2361729168942
986,885.0,1236.1494718040685
987,2493.9998,849.3234622099293
988,686.0,551.9034442673908
989,383.99997,756.7561102620015
990,570.0,1697.8106964529172
991,756.0,704.4296026881957
992,537.0,296.91554467345367
993,3505.0,484.3109876834159
994,1400.0,600.4079191068987
995,1500.0,1488.4590733255095
996,1114.0,2052.525542260149
997,925.5,844.1896947621937
998,737.0,3012.800084302533
999,1080.0,1511.111447736645
1000,1538.0,1663.9183656033317
1001,1676.0,677.7687715593762
1002,1887.0,994.2990544134738
1003,1995.0,1058.9227334237044
1004,1881.0,1245.3903251589484
1005,1767.0,1972.2599535678526
1006,1312.0,2322.363743000937
1007,1574.0,1292.4624779615253
1008,1663.0001,956.2829257481477
1009,1710.0,1468.6960629277933
1010,1773.0,1080.561625892129
1011,1646.5,1212.2001173704687
1012,1520.0,1619.7526365397923
1013,1514.0,1348.7993132514307
1014,1371.0,1070.1405198287894
1015,1466.0,1011.538796542087
1016,1434.0,1047.1925276963766
1017,1231.0,1022.4058275722889
1018,1241.0,1041.9081096260588
1019,1251.0,1007.6431181617052
1020,1233.0,932.6754592335095
1021,1245.0,881.014151750026
1022,923.0,918.2168892047816
1023,707.0,882.2354702725262
1024,492.0,834.3350538866822
1025,450.0,691.7285098874577
1026,408.0,556.903807649181
1027,606.0,404.272215332237
1028,494.0,487.1938302771658
1029,531.0,1571.493359987884
1030,692.00006,836.0520150967883
1031,218.0,408.17277181078964
1032,138.5,139.09033325059696
1033,59.0,290.9524753115512
1034,151.0,222.98814714169055
1035,88.0,147.06977810657648
1036,493.00003,75.16441389048549
1037,357.00003,104.44351182652385
1038,557.0,72.94048898792754
1039,507.0,290.80642942869304
1040,457.0,252.03728063078032
1041,80.0,369.065094732485
1042,140.0,361.14117617131416
1043,232.0,337.722663048909
1044,266.0,130.29163584508458
1045,145.0,125.79147389274253
1046,102.0,160.34740349384242
1047,59.0,182.87646169041642
1048,195.0,126.6639039444193
1049,240.99998,96.50242527891108
1050,452.0,63.884720306974586
1051,214.00002,129.45212924234409
1052,254.0,163.75217931116845
1053,228.5,289.12021713956517
1054,203.00002,184.31145580855795
1055,306.0,197.23785104340837
1056,144.0,178.92270497300532
1057,174.0,160.40162573481513
1058,224.0,213.82801486750762
1059,273.0,133.52741670230256
1060,260.0,140.61599304929183
1061,247.0,164.24576412762417
1062,268.0,193.9436685432302
1063,284.0,194.8649931726106
1064,296.0,190.59565349312354
1065,298.0,201.46592453779596
1066,310.0,211.39878047186468
1067,202.0,220.5227274540538
1068,94.0,224.2858617042184
1069,94.0,232.26945326606614
1070,269.0,175.37757457451582
1071,272.0,108.0827969535536
1072,284.0,93.2434271610938
1073,281.0,180.6361629784115
1074,285.0,196.03788323522846
1075,289.0,212.46309039689348
1076,280.0,215.9573575827001
1077,277.0,218.8850914288241
1078,280.0,221.8235627329974
1079,283.0,217.77045338010115
1080,101.0,215.95526924984836
1081,125.0,217.2422814713975
1082,149.0,219.1203174449666
1083,163.0,120.99068131992519
1084,155.0,118.29272967709967
1085,155.0,124.16498269235251
1086,163.0,131.8048208842087
1087,122.0,130.8037381743964
1088,130.0,131.64691054103696
1089,108.5,136.17394918941534
1090,87.0,114.78818638943028
1091,125.0,116.21582137740046
1092,104.0,103.56105727211288
1093,99.99999,89.87878272783841
1094,92.00001,107.93156371402927
1095,92.00001,98.66735896807775
1096,92.00001,96.5265997358845
1097,92.00001,91.80542049352454
1098,95.99999,90.77274995808422
1099,92.00001,90.58889580936845
1100,80.0,90.7494226867259
1101,76.0,93.24495144493402
1102,80.0,91.75425338596558
1103,78.5,85.4174860160943
1104,77.00001,82.36486303300309
1105,72.0,83.78217446234187
1106,62.0,83.19120290464463
1107,70.0,82.69753169836773
1108,71.0,80.17370573262758
1109,63.000004,74.50992149139336
1110,77.5,77.98637570485668
1111,92.00001,78.93350350809834
1112,92.00001,75.22453763932819
1113,84.0,82.92229324519508
1114,88.0,92.00943903748275
1115,84.0,94.23793776268924
1116,80.0,91.28516827778456
1117,73.5,93.36089872910793
1118,67.0,91.44380234954964
1119,80.0,89.28739684387716
1120,64.0,85.59226170671793
1121,68.0,81.51048294667402
1122,52.0,87.88367672324361
1123,57.0,80.20248057653731
1124,65.5,81.82705343914937
1125,74.0,73.23309646212795
1126,41.0,74.72764801873909
1127,62.0,79.34253316922891
1128,54.0,84.98061860716987
1129,58.0,68.6995861853221
1130,58.0,78.1016256682445
1131,56.0,74.3737858946958
1132,54.0,76.598879914277
1133,49.999996,77.28162229345844
1134,67.0,76.56840017536811
1135,60.0,75.70816949500069
1136,66.0,73.57383892373153
1137,49.0,82.622624771594
1138,49.0,80.41011909791501
1139,49.0,84.18894322728359
1140,49.0,75.79121155172992
1141,43.0,74.771372920173
1142,49.0,74.3111940690909
1143,37.0,74.28713627496553
1144,49.999996,71.35191859057642
1145,52.5,74.39630895812608
1146,55.0,68.41980611578136
1147,27.0,74.92598403201907
1148,32.0,77.25119314943097
1149,41.0,79.60219017379679
1150,49.999996,65.34285952845961
1151,49.999996,66.06229660909707
1152,16.0,70.27838924518487
1153,15.0,75.9870765606725
1154,15.0,77.69516230433518
1155,15.0,60.218931435566674
1156,15.0,57.14373506994954
1157,15.0,55.56607543798301
1158,17.0,55.14152083939308
1159,17.0,55.44349100162864
1160,17.0,55.7658608724226
1161,17.0,57.174186860689915
1162,17.0,57.67522218877368
1163,17.0,58.10403804589246
1164,11.0,58.46713521095029
1165,11.0,58.78938839917269
1166,11.0,59.111621508910844
1167,14.0,56.17588923485195
1168,17.0,55.961985011624165
1169,11.999999,55.96459692589456
1170,11.999999,57.79329421097889
1171,18.0,60.01245484363392
1172,11.999999,58.0474192712942
1173,11.999999,58.14378453689065
1174,11.999999,61.51873118650034
1175,11.999999,59.01683574519991
1176,11.999999,59.12235968254757
1177,11.999999,59.24726380701162
1178,18.0,59.446780722029985
1179,11.999999,59.76874666042425
1180,11.999999,60.09068963889079
1181,11.999999,63.67058283208075
1182,11.999999,61.27054269148564
1183,13.0,61.37596293487871
1184,13.0,61.50071360050769
1185,13.0,61.70008156083246
1186,13.0,62.56489105538041
1187,13.0,62.97602659853778
1188,13.0,63.35105701911378
1189,13.0,63.6932221092554
1190,13.0,64.01495412663581
1191,13.0,64.33666157795116
1192,13.0,64.65834572910173
1193,13.0,64.98001429727917
1194,13.0,65.30166299516617
1195,16.0,65.62327973081251
1196,19.0,65.94487401777843
1197,13.0,66.26645770127186
1198,13.0,68.21702580277156
1199,13.0,70.43554100165026
1200,13.0,67.926833360732
1201,13.0,67.93342215587276
1202,13.0,67.99655304465618
1203,13.0,68.1955113788658
1204,13.0,68.51694427653568
1205,13.0,68.83834372694524
1206,19.0,69.15973836896217
1207,13.0,69.48110871822375
1208,13.0,69.80245413029428
1209,10.5,73.38179399312247
1210,8.0,70.98099481674276
1211,8.0,71.08598374535845
1212,2.9999998,69.85265445559229
1213,2.9999998,68.47058278847943
1214,20.0,68.43533517278611
1215,20.0,65.85729074933292
1216,17.0,65.6808560916906
1217,14.0,74.9667447100419
1218,14.0,76.70407423293109
1219,24.999998,76.3017513766144
1220,8.0,75.07307017259241
1221,31.0,74.9664038914998
1222,24.999998,81.03943794446876
1223,31.0,73.05049319984491
1224,37.0,84.92837677295937
1225,24.999998,83.36443360880858
1226,53.0,87.28563004286526
1227,26.0,91.5505532512596
1228,31.0,86.08830253719316
1229,26.0,100.9839378581801
1230,23.000002,88.62737612462196
1231,20.0,90.49865039011695
1232,26.0,87.68451489376253
1233,20.0,85.64467355466962
1234,14.0,83.90431171813707
1235,14.0,86.95329891961094
1236,20.0,84.33069154057561
1237,17.0,81.11595084171802
1238,14.0,80.7038120605294
1239,20.0,83.84035794408493
1240,176.0,82.94520216613896
1241,73.0,81.68858153012249
1242,98.0,84.96213830829711
1243,179.0,170.30689034288528
1244,116.0,128.8852035870241
1245,53.0,142.01756989508283
1246,20.0,325.5881880924671
1247,31.0,655.198785605719
1248,106.0,173.26258161255902
1249,163.0,129.73486294141932
1250,125.0,550.2786611779635
1251,199.5,230.72119755859018
1252,274.0,299.59395511366506
1253,441.0,2097.3451117053587
1254,258.0,1054.855777325872
1255,390.0,612.9057625935608
1256,334.0,328.5456504712952
1257,193.0,410.97830914358855
1258,459.5,748.1226047508259
1259,726.0,145.07644516401774
1260,723.0,110.73903882652573
1261,799.99994,449.79564107484623
1262,586.0,355.3741858991263
1263,739.0,671.6758945456213
1264,867.0,374.0762406335552
1265,1103.0,421.31834301549446
1266,1339.0,619.2295727546966
1267,1291.0001,1187.4613450342003
1268,1503.0,1118.3965094386965
1269,3742.0,1039.5086583845753
1270,6018.0,1038.4540541543208
1271,4177.0,3309.948572788918
1272,4423.0,4712.834145031419
1273,4669.0,10727.530129940285
1274,2206.0,7684.34555963705
1275,2399.0,5347.323017586255
1276,6860.0,4609.1760168457395
1277,4851.0,2699.6039138784854
1278,4568.0,3005.5875615859914
1279,4761.5,5604.320156973146
1280,4955.0,3675.120228239341
1281,4693.0,4095.321720970203
1282,15223.0,4119.17330172531
1283,5070.0,4096.457797973337
1284,5850.9995,5795.599413096393
1285,843.0,12609.458972564269
1286,2230.5,5993.445276581113
1287,3618.0,5396.445691934878
1288,3142.0,1793.6353524539236
1289,3512.9998,1665.669877651451
1290,2577.0,2360.3405000757425
1291,2556.0,2285.9584426659085
1292,3542.0002,2270.6541602521015
1293,4255.0,1881.4777115910829
1294,4968.0005,1787.5245066336101
1295,5656.0,2919.159913701508
1296,4873.0,4128.599129487724
1297,3980.0,3718.199794302276
1298,3176.0,3516.808561722372
1299,2558.0,3546.900181821709
1300,2289.0,2808.0915380492684
1301,2020.0,2365.070926081129
1302,2312.0,2448.0997713299407
1303,2234.0,3446.7954800927027
1304,2430.0,2264.911698753067
1305,2429.0,2190.4924136531426
1306,3070.0,2030.5949144148594
1307,3590.5,2907.2294776908916
1308,4111.0,3196.4274968014656
1309,2904.0,3234.5313942726357
1310,4606.0,3936.523855752509
1311,3885.0002,4043.964319974931
1312,2975.0,3300.7617114009704
1313,5597.0,3717.442876572344
1314,5479.5,3238.5751288357806
1315,5362.0,3100.7970686245117
1316,4690.0,3823.5760035818053
1317,5152.0,3746.7189137844357
1318,7643.0,4358.973230859211
1319,7275.0,3998.8504418845228
1320,7003.0,3933.1633943096576
1321,6314.5,5931.973821769726
1322,5626.0,6061.46745728475
1323,4760.0,5605.387212610737
1324,3429.0,4340.724991265119
1325,1772.0,3718.5322460673156
1326,3037.0,3116.368087217797
1327,3039.0,2691.0244525910794
1328,2351.5,1768.1165517616894
1329,1664.0,2480.61486281856
1330,1441.0,2153.8438460200045
1331,1542.0,1660.4727662216744
1332,1097.0,1496.2835145503907
1333,1611.0,1521.7268313922314
1334,1571.0,1059.260636535558
1335,1120.5,814.1031655937949
1336,670.00006,1034.5803916138177
1337,797.0,1048.8228049349343
1338,921.0,947.6805799345785
1339,1681.0,564.3507635517981
1340,2069.0,709.5174167112021
1341,1286.0001,799.8820858541253
1342,1273.0,1235.7508944035803
1343,1260.0,1638.2340096138068
1344,1157.0,1134.2428820017362
1345,951.0,901.8921568747235
1346,513.0,808.7713749087171
1347,694.0,825.8761258311836
1348,821.99994,719.9218771947117
1349,2029.0,491.35460993998345
1350,3236.0,664.3220176510049
1351,1784.0,1172.711452825922
1352,1480.0,2091.5141145916245
1353,1570.0001,2432.866409165292
1354,1330.0001,1355.2006370670883
1355,1185.0,1394.3020168160767
1356,1440.0,1218.3988625068762
1357,1695.0,985.1908969340686
1358,6317.0,939.5488852242663
1359,4902.0,1037.6600079965729
1360,4593.0,2009.9478143490908
1361,3434.0002,4245.663934610646
1362,2765.0,3569.081769510463
1363,2836.5002,3158.3252545530186
1364,2908.0,2419.092314801615
1365,2438.0,2023.600888209548
1366,2203.0,2140.4424342936913
1367,345.0,2120.940714373994
1368,930.0,1708.7163085706172
1369,1155.0,1559.7089688053811
1370,701.5,603.4399212317569
1371,248.0,706.487635461103
1372,134.0,781.7799891143753
1373,125.0,531.4980710113431
1374,261.0,278.8762100908096
1375,350.0,217.70551187624466
1376,369.0,123.74832429039229
1377,375.49997,148.33204356113856
1378,382.0,226.5962073101077
1379,470.0,429.09618756543796
1380,361.0,519.7359755819867
1381,337.0,298.4570748813436
1382,301.0,112.17429171197637
1383,301.0,201.02300680404718
1384,210.5,35.58919169403002
1385,120.0,220.97125237468885
1386,99.99999,214.5730556753914
1387,471.89,170.0215632234832
1388,175.0,108.19788332107497
1389,650.0,79.85806026257374
1390,640.0,271.34092112711664
1391,545.0,142.51383542331013
1392,450.0,397.1191285973804
1393,450.0,422.34052470878817
1394,350.0,388.97038310774855
1395,361.99997,346.67769035372004
1396,363.0,395.29964927031165
1397,443.0,271.5883488087651
1398,286.5,246.21847164262454
1399,130.0,269.21290759175776
1400,118.0,300.51696270489487
1401,106.0,222.93070830867381
1402,99.99999,128.22147544916234
1403,94.0,100.99707945122506
1404,106.0,81.83276457820718
1405,95.99999,73.62572142398999
1406,86.0,68.90914761022401
1407,90.0,74.28712076824448
1408,88.0,69.4472045820976
1409,82.0,63.60284677111717
1410,92.00001,64.55709494056215
1411,176.0,63.05266436416431
1412,172.0,59.586450729599235
1413,168.0,64.41861630124072
1414,168.0,110.52844105359624
1415,152.0,116.22529043949491
1416,144.0,118.33798707504481
1417,165.0,119.44747936643994
1418,188.0,110.42576418159975
1419,141.5,104.53351776999834
1420,95.0,114.33293544272227
1421,146.0,127.90576948361056
1422,177.0,105.6241350975388
1423,229.99998,77.83906900364263
1424,146.0,99.33894738706687
1425,135.0,117.25882017202358
1426,140.5,150.53527415572165
1427,146.0,112.30629480617792
1428,198.0,102.25515972238311
1429,188.0,100.83039499062586
1430,156.0,101.96625578614332
1431,156.0,130.7254500315818
1432,125.0,130.3035646040899
1433,130.0,114.87845866199427
1434,135.0,112.51473577103317
1435,125.0,93.73292032778056
1436,104.0,92.98884273314059
1437,104.0,94.46062047981702
1438,188.0,89.07087552930432
1439,312.99997,77.10493693351012
1440,224.0,74.76194398359445
1441,135.0,119.01614002396818
1442,125.0,193.92625940697718
1443,125.0,161.1896166159759
1444,104.0,113.2542923336218
1445,114.99999,97.65617612662405
1446,73.0,90.16405686989972
1447,73.0,76.36950929250624
1448,73.0,80.22600490823766
1449,83.0,57.24311971604914
1450,63.000004,53.612887579591956
1451,73.0,51.562063897976365
1452,73.0,56.09559834459023
1453,52.0,46.089205906790006
1454,52.0,50.229115574975545
1455,57.0,50.22249760299967
1456,62.0,38.904324728458185
1457,52.0,37.19624387544379
1458,52.0,38.754522943151485
1459,52.0,41.448510220251165
1460,52.0,36.69263131222114
1461,42.0,36.13051821881611
1462,47.0,35.661849222843536
1463,52.0,35.4192458389358
1464,32.0,29.950697285952675
1465,41.0,31.735161694002
1466,31.0,34.32575582434563
1467,41.0,23.935018000280305
1468,31.0,27.367638778627665
1469,36.0,21.739149891077673
1470,41.0,26.309357200385612
1471,41.0,21.384666215593935
1472,31.0,23.497398881992964
1473,21.0,26.292443578230756
1474,22.0,26.762504945354415
1475,18.0,21.662549230654843
1476,19.0,15.403605312255776
1477,20.0,14.483118559042001
1478,20.0,11.624861236909645
1479,20.0,11.621510206028184
1480,18.0,12.022985873647029
1481,18.0,12.045568686809213
1482,18.0,12.081112534565996
1483,108.0,10.977301356755177
1484,198.0,10.76059839080177
1485,73.0,10.615869284463976
1486,31.0,59.41016574478027
1487,31.0,116.27892404005705
1488,31.0,61.189508624364386
1489,15.0,33.82049338459347
1490,17.5,25.213982951270452
1491,20.0,20.382755943309707
1492,20.0,10.797312831991247
1493,15.0,10.688482825307357
1494,15.0,11.378663161847703
1495,15.0,11.36970124228419
1496,15.0,8.800612371854102
1497,12.499999,8.367196182289353
1498,10.0,8.0626266214591
1499,10.0,7.9221987313670095
1500,8.0,6.526400593143286
1501,8.0,4.9074359910266
1502,9.0,4.51287564887222
1503,8.0,3.204301210499712
1504,8.0,2.936445325867595
1505,8.0,3.334718668584886
1506,7.0,2.801843660972677
1507,7.0,2.7276262395583193
1508,8.0,2.656577264920464
1509,7.0,2.054876339309912
1510,5.0,1.9273804724005523
1511,5.0,2.3789153074536356
1512,5.0,1.866475995354426
1513,5.0,0.7061762389883856
1514,5.0,0.4565786281818374
1515,5.0,0.2913547289374381
1516,5.0,0.21223149547743392
1517,5.0,0.17399235589121217
1518,5.0,0.13575183579580805
1519,5.0,0.09751079132195538
1520,5.0,0.05926307714232272
1521,5.0,0.02101425574271771
1522,5.0,-0.017231840792986283
1523,5.0,-0.05548186196742795
1524,5.0,-0.09373768778064347
1525,5.0,-0.13198944733783685
1526,5.0,-0.17024713122303392
1527,5.0,-0.20850615647663587
1528,5.0,-0.24676609669573568
1529,5.0,-0.28502862291361913
1530,5.0,-0.32329446463110667
1531,5.0,-0.36156022924717285
1532,5.0,-0.399827257160131
1533,5.0,-0.4380976040452056
1534,5.0,-0.4763679114218512
1535,5.0,-0.5146441119195642
1536,8.0,-0.552915113821602
1537,5.0,-0.591191201250347
1538,5.0,-0.6294743962387523
1539,5.0,0.9613370836193081
1540,5.0,-0.4382208540365799
1541,5.0,-0.5845129991858933
1542,4.0,-0.7212856329031134
1543,4.0,-0.8208961178714099
1544,4.0,-0.859187192000276
1545,4.0,-1.4405087117790123
1546,4.0,-1.56807567638603
1547,4.0,-1.6596409599336719
1548,4.0,-1.7183788928515467
1549,4.0,-1.7566801165841077
1550,10.0,-1.7949784407431524
1551,10.0,-1.8332835799145053
1552,30.0,-1.8715920047679835
1553,19.0,1.3482723746970153
1554,8.0,1.845612171024924
1555,8.0,12.987469011015552
1556,8.0,8.884000473122587
1557,10.0,2.955728414713668
1558,10.0,1.758217723058615
1559,8.0,0.9091072871189212
1560,6.5,1.7320008537839777
1561,5.0,1.8722362255051004
1562,5.0,0.8543964742547661
1563,5.0,-0.13614900947185826
1564,5.0,-1.2294689580908644
1565,5.0,-1.522497777230694
1566,5.0,-1.6713940768808506
1567,5.0,-1.7403867120446295
1568,5.0,-1.7787195905923523
1569,5.0,-1.8170594977397359
1570,5.0,-1.855393284492636
1571,5.0,-1.8937324002254694
1572,5.0,-1.9320784564074263
1573,5.0,-1.9704243662118006
1574,5.0,-2.008773630591793
1575,5.0,-2.0471166917164374
1576,5.0,-2.0854690908961984
1577,104.0,-2.1238227198057404
1578,23.999998,-2.1621803094564993
1579,40.0,-2.2005389549302694
1580,16.0,51.520457959379726
1581,18.0,16.878909449805235
1582,20.0,23.659982390650296
1583,20.0,9.779561152595706
1584,30.0,7.901720001861926
1585,30.0,8.176565736006228
1586,24.999998,7.93277248658467
1587,24.999998,13.472038004223714
1588,22.5,14.367345721074146
1589,20.0,12.146526334179976
1590,24.999998,11.866118555224265
1591,20.0,10.203844862903207
1592,20.0,8.482512212358182
1593,20.0,10.802866019582204
1594,152.0,8.311519642550547
1595,128.5,8.041962551354054
1596,105.0,7.839432030455222
1597,40.0,79.37762673556968
1598,30.0,78.36355739275811
1599,30.0,70.4971706034997
1600,24.999998,34.510227963700025
1601,20.0,21.50616450788431
1602,20.0,16.632374027079816
1603,20.0,12.017800293815956
1604,20.0,8.613498770218984
1605,20.0,7.862343955248481
1606,40.0,7.45542370211983
1607,114.99999,7.31482883085788
1608,65.0,7.276413455543955
1609,45.0,18.09840143103217
1610,49.999996,60.57212363969246
1611,40.0,34.53408027101586
1612,40.0,106.47536690507692
1613,40.0,139.3158169690831
1614,140.0,36.88016113353473
1615,80.0,-167.88614221180882
1616,212.5,666.4771628706728
1617,345.0,226.40061027507312
1618,1352.0,-18.8405848176511
1619,808.0,482.3534532209087
1620,679.99994,1939.3868329840734
1621,744.0,2547.5755359558602
1622,1112.0,1029.9366826478101
1623,646.5,1295.8003420524885
1624,180.99998,438.22539295744025
1625,150.0,831.6594401386668
1626,105.0,730.8240022270627
1627,146.0,395.35313667061564
1628,365.0,326.2777576754241
1629,365.0,-6.788748927935102
1630,522.5,673.587529234902
1631,679.99994,568.7639742877371
1632,980.0,517.6521029810197
1633,2123.0,665.6870460304408
1634,1401.0,1548.7186567954204
1635,941.0,2996.2575712408266
1636,742.0,3722.0313267530905
1637,846.49994,1688.7816161044673
1638,951.0,397.3422962607306
1639,467.0,875.5350400191738
1640,248.0,1576.214123773661
1641,447.0,933.4039303453653
1642,679.99994,561.5182035855995
1643,1122.0,94.91372449275576
1644,839.00006,982.4553135218327
1645,556.0,1321.5566675909665
1646,383.99997,1619.1414504809304
1647,325.0,735.5572317324168
1648,312.99997,108.21804485364171
1649,756.0,191.41377446014656
1650,1276.0001,301.5581428039368
1651,1354.0,821.5655670349896
1652,1432.0,972.9606978151994
1653,1348.0,1644.030714136647
1654,1274.0,1315.3372577661628
1655,5081.0,1514.1110613713538
1656,13596.0,2223.7981286099566
1657,8137.0,2924.560813825954
1658,7769.5,7030.807048091046
1659,7402.0,13759.034498380397
1660,2898.0,6189.105879486484
1661,1997.0,5767.742827629275
1662,4020.0,5943.305391453196
1663,3525.0,3147.4199796677617
1664,3772.0,2462.448152352539
1665,3881.0,2925.4083053641284
1666,3990.0,2955.1411155868195
1667,2610.0,3721.989923122372
1668,1836.0,3114.526229304934
1669,1460.0,2620.372070619502
1670,1650.0,1731.7326051471855
1671,4018.0,1449.2655791482744
1672,5477.5,1182.7094336769924
1673,6937.0,1226.6567980297907
1674,6862.0,4150.641710730001
1675,5395.0,5043.560333144435
1676,3907.0,5325.259338073416
1677,3360.0,4408.723787888046
1678,1529.0,3413.7525042169414
1679,1587.0,2791.5617165619487
1680,1645.0,2842.8247986669344
1681,940.0,1473.000442599548
1682,350.0,2417.4653315221876
1683,850.0,1289.8620995290973
1684,370.0,534.8816673256318
1685,1480.0,211.9065417036578
1686,2590.0,811.0632620295872
1687,7525.0,401.9955333383646
1688,9600.0,1760.0596159056965
1689,5460.0,3909.165448974521
1690,3615.0,6099.643171905126
1691,2891.0,8619.246437850825
1692,3958.0,6185.78345297655
1693,5101.5,2922.700945080156
1694,6245.0,2507.656212572591
1695,7845.0,4661.016112946326
1696,9760.0,4111.383491534572
1697,8071.0,5754.879792982805
1698,7746.0,6839.204879491939
1699,5053.0,10151.894942156536
1700,3915.5,7220.272520081457
1701,2778.0002,4977.265770409444
1702,2450.0,3550.5438680242823
1703,2234.0,3108.598151779289
1704,2387.0,2373.260690869186
1705,1221.0,1884.8883832938925
1706,2038.0,2042.12784817933
1707,1995.0,2770.547171965501
1708,1952.0,1131.5903343540663
1709,1430.0,2645.059555219563
1710,1500.0,2606.4709883423284
1711,891.0,2340.330399941437
1712,1009.0,1199.237308621431
1713,735.0,872.094139504695
1714,1130.0,539.7924825909657
1715,1525.0,940.9077971289724
1716,3595.0,1136.4835028912573
1717,3201.0,884.9075734914263
1718,5915.0,2777.159129482949
1719,3134.0,4106.626407873209
1720,2349.0,4279.020002557769
1721,1927.9999,4775.125952904176
1722,1507.0,2460.2567142446374
1723,1905.0,1561.0909191426224
1724,1511.0,1448.8442151999013
1725,1447.0,1150.2632568179304
1726,1117.0,2575.199329614005
1727,339.0,1642.939692458434
1728,935.0,1269.0186205611367
1729,1531.0001,1373.1188195502305
1730,2260.0,697.7346360100341
1731,750.99994,399.1208501662936
1732,2040.0,900.5962067981094
1733,175.0,2761.5100579033697
1734,813.0,1125.2063368884712
1735,624.5,1303.713917351574
1736,436.0,238.74360486807365
1737,320.0,696.7459872303551
1738,467.0,893.4017208289647
1739,957.0,394.9289419569691
1740,818.0,249.83708828885275
1741,1162.0,253.54715220328657
1742,789.0,843.8539706659677
1743,416.0,591.878379623688
1744,474.0,1232.8451225751091
1745,374.0,1354.024788853894
1746,374.0,865.565514481967
1747,624.0,322.91987059437537
1748,540.0,107.51400173500699
1749,410.0,242.8028862770551
1750,280.0,426.74327047717384
1751,380.0,359.6191618983777
1752,377.0,347.82072840369676
1753,218.0,224.80654224071392
1754,228.0,257.82381342206736
1755,459.0,265.9744673591514
1756,783.0,217.2931780649553
1757,1107.0,452.5638216332611
1758,163.0,478.5763127837208
1759,140.0,498.95316272539685
1760,75.0,542.2123496308353
1761,110.0,169.73337910352896
1762,95.99999,117.48530101845218
1763,99.0,87.27696655019072
1764,102.0,79.6489523329753
1765,125.0,72.03450677043749
1766,126.00001,73.99288512723167
1767,131.0,76.9027058906713
1768,97.0,90.57723377262667
1769,95.0,94.4372840228435
1770,91.5,99.57169928250688
1771,88.0,83.12103446565587
1772,94.0,80.33048660639777
1773,89.0,77.58512548104589
1774,75.0,75.61338538562708
1775,84.99999,79.37504179038416
1776,76.0,77.98036090124644
1777,69.0,71.22269754783183
1778,62.0,76.30309749753957
1779,65.0,72.50310331459814
1780,79.0,69.1882000725628
1781,99.99999,65.53020252503954
1782,76.0,67.0207186650149
1783,65.0,75.41814019386415
1784,70.0,89.13144642763355
1785,75.0,79.8230115846293
1786,59.0,74.15583883059341
1787,65.0,76.08306774675953
1788,75.0,79.21083271780267
1789,75.0,72.05298382591421
1790,75.0,75.29503418439478
1791,74.5,81.55383614840416
1792,74.0,83.48202440562254
1793,65.0,85.18067258812357
1794,64.0,86.1567569142248
1795,65.0,86.88374772148322
1796,65.0,82.96821632566137
1797,65.0,82.62818621737762
1798,65.0,83.63534309430929
1799,65.0,84.53043774457774
1800,62.0,85.60642094318925
1801,60.0,86.67000800807672
1802,59.0,87.71315027843002
1803,58.0,87.12716565801931
1804,70.0,86.81646797945733
1805,72.5,86.97821431084745
1806,75.0,87.2211569540901
1807,75.0,94.59738884396104
1808,80.0,97.99544841411944
1809,80.0,101.23830914853421
1810,105.0,102.88313909644964
1811,165.0,106.82581994137978
1812,162.5,108.36634676513506
1813,160.0,123.25195535734727
1814,174.0,159.21111525000208
1815,175.0,165.58401876502884
1816,163.0,168.75467001008536
1817,153.0,178.27063402023742
1818,153.0,180.9220498279142
1819,163.0,176.23288308071844
1820,163.0,171.11408208182925
1821,163.0,170.64569482155878
1822,155.0,176.3410546011418
1823,155.0,178.07232818162228
1824,156.0,179.64834651732363
1825,156.0,176.55162175643048
1826,156.0,176.88073984158143
1827,155.0,178.04063348552876
1828,154.00002,179.00950179927466
1829,124.0,180.10594759723404
1830,135.0,180.62651238771463
1831,125.0,181.03737802140398
1832,125.0,165.64687207506708
1833,125.0,169.9120340948957
1834,120.0,164.88757694196286
1835,114.99999,165.01109433083144
1836,114.99999,165.7462352776907
1837,114.99999,163.86980322371005
1838,114.99999,161.75150371025273
1839,123.0,162.0819433006861
1840,105.0,162.75646029326114
1841,107.5,163.6974196352263
1842,110.0,169.08487897986546
1843,112.0,161.06746228438232
1844,112.0,162.2878950446477
1845,120.0,164.11612807950192
1846,114.99999,166.2338117666992
1847,114.99999,167.6398260877586
1848,114.99999,173.18495533825399
1849,114.99999,172.2679000774434
1850,104.0,173.29108651307982
1851,104.0,174.23133176493326
1852,95.0,175.17230825417593
1853,95.0,170.24211103774658
1854,95.0,170.3034435870177
1855,95.0,165.87313240133403
1856,95.0,165.8881497056618
1857,95.0,166.4517206839169
1858,95.0,167.31095354265162
1859,98.0,168.3541390420048
1860,110.0,169.39731333689832
1861,105.0,170.44049483059203
1862,102.5,173.11277459854372
1863,99.99999,180.94013375967168
1864,90.0,180.4991476243361
1865,110.0,180.43925085026748
1866,99.99999,179.88050301302803
1867,95.99999,175.03480541975486
1868,95.99999,185.86170442153377
1869,93.0,182.67578888619119
1870,90.0,181.51568782972177
1871,84.0,182.07765805088462
1872,82.0,181.07421842911407
1873,82.0,180.13878339087205
1874,82.0,177.49613510482567
1875,82.0,176.6965122646331
1876,80.99999,177.18012022584742
1877,80.0,177.99410675898758
1878,60.0,178.99643660490003
1879,49.999996,179.49660217412696
1880,47.999996,179.9075049098554
1881,47.999996,169.94754326025802
1882,36.0,163.7014538432009
1883,35.5,161.67969182768553
1884,35.0,161.6027271804084
1885,30.0,155.81862805532705
1886,30.0,155.47827896129547
1887,30.0,155.56583455371987
1888,30.0,153.57739054234813
1889,28.0,154.1374082325897
1890,28.0,154.9039398328198
1891,28.0,155.84496057856543
1892,28.0,155.80211317316974
1893,35.0,156.66679399934947
1894,248.0,157.60341303439264
1895,112.0,158.60574888127667
1896,101.0,163.45016377275238
1897,97.5,280.78293334135003
1898,94.0,227.36100439881733
1899,118.0,221.7855982992344
1900,163.0,217.050660799602
1901,125.0,212.51562975268826
1902,145.0,225.8677377983403
1903,235.0,253.2314292467587
1904,216.0,238.86418641158497
1905,197.0,250.26444404143297
1906,188.0,300.85943086065885
1907,186.0,299.90857949399896
1908,175.0,294.1435078505982
1909,175.0,289.4297376959595
1910,160.0,287.1826782426992
1911,132.0,281.2062314189738
1912,104.0,280.97703888434654
1913,110.0,273.24779498096643
1914,98.0,257.5226099418438
1915,102.0,240.06224166869328
1916,92.00001,240.06535939580763
1917,92.00001,233.06353543698938
1918,92.00001,234.9553256219675
1919,92.00001,230.40842195981713
1920,92.00001,230.52697072352805
1921,92.00001,231.11896658703319
1922,92.00001,231.95788134423557
1923,132.0,233.00111408694843
1924,198.0,234.0443283599911
1925,150.0,235.0875576542684
1926,102.0,257.8516573950318
1927,92.00001,298.3050427213969
1928,94.0,281.3068735498332
1929,106.0,256.3349909058147
1930,116.0,246.4532123231343
1931,106.0,244.1508800061403
1932,104.0,250.37529921726923
1933,102.0,257.82225662495813
1934,102.0,255.00841522572546
1935,118.0,254.8510374010585
1936,106.0,254.30101788610764
1937,102.0,254.8548236557046
1938,95.99999,264.43890537712
1939,82.0,260.35337706338987
1940,68.0,259.006060838154
1941,78.0,256.121386737812
1942,124.0,248.56838135646728
1943,92.00001,240.35805591300746
1944,95.99999,244.71294100436185
1945,60.0,270.5955897598619
1946,62.5,258.61571593182464
1947,65.0,261.6303609074457
1948,106.0,242.71615036751442
1949,182.0,241.4626506435989
1950,250.0,242.2495752826724
1951,290.0,265.17757785028994
1952,330.0,311.3346109688597
1953,194.0,358.32399667994537
1954,161.99998,392.0466454695986
1955,152.0,423.55818873363967
1956,145.0,357.8433318671016
1957,140.0,332.31804645851076
1958,140.0,318.6426230348668
1959,121.0,310.50841716977317
1960,121.0,307.0250330558966
1961,121.0,307.04454527260197
1962,101.0,297.36101412166073
1963,90.0,296.6059430040361
1964,90.0,296.63648460410644
1965,86.0,286.43135095477754
1966,95.0,279.71594537938546
1967,185.5,278.71116908738884
1968,276.0,276.58754523232307
1969,515.0,281.93615482835156
1970,980.0,332.7124471290289
1971,1250.0,391.3757434628102
1972,419.0,535.2856734600864
1973,250.0,816.8361283555139
1974,260.5,1020.5901244309136
1975,271.0,624.167543901725
1976,392.0,670.0087901146751
1977,244.0,627.6320406726303
1978,245.0,705.7593792227522
1979,295.0,744.7457767457144
1980,1647.0,164.49075599199534
1981,3968.0,292.9933251595493
1982,5614.0005,2904.3381234462995
1983,7260.0005,3992.537294359191
1984,5063.0,6016.089586857824
1985,3663.0,7918.641993402959
1986,2145.0,9989.829610404364
1987,914.0,6495.659186298933
1988,932.00006,3120.6683068922384
1989,950.0,281.43048884549466
1990,968.0,1414.1058447448352
1991,637.0,343.71592482507947
1992,581.0,1308.6490044086818
1993,578.0,1168.2723144301783
1994,1161.0,1208.8444814402615
1995,1279.0,719.5854104065436
1996,1196.0,392.2286801882762
1997,1245.0,791.2928569079504
1998,1824.0,968.4328566696694
1999,3292.0,1592.3411649448
2000,5485.0,1780.1157681790653
2001,3963.9998,2625.2573433773005
2002,3019.5,4523.168570538658
2003,2075.0,3484.8658371832457
2004,1973.0,1869.3170539273717
2005,1818.0,2113.5523931892303
2006,1741.9999,1689.4387004713487
2007,1509.0,1468.025708592132
2008,2591.0,1677.7896214391076
2009,7133.0,1414.555327802322
2010,11675.0,1244.4912379941015
2011,12168.001,6699.699509440345
2012,14972.999,6470.821669465432
2013,15162.0,8190.759633546927
2014,15285.001,11484.294405634893
2015,13324.0,14162.245763568339
2016,13176.5,14423.554553434209
2017,13029.0,13712.12314394293
2018,19543.0,12772.681353972617
2019,16275.0,12296.241038056429
2020,14464.999,12138.580552537915
2021,7305.0,15343.27018786982
2022,10969.0,12603.000379885476
2023,10228.0,10976.589627084923
2024,9487.0,8091.886454628014
2025,12086.0,9599.62522025412
2026,17387.0,8972.863145824178
2027,11242.0,8255.684697602399
2028,10775.0,9609.518604831981
2029,7330.0,12529.159079542593
2030,6334.0,9072.907132739221
2031,5338.0,8012.433823902749
2032,4706.0,6022.773167165684
2033,4980.0,4931.0073677651935
2034,3465.0,4054.6655566043687
2035,2785.0,3869.3981013773114
2036,5683.0,4100.572895213119
2037,5338.5,3222.258323000307
2038,4994.0,2487.59006283607
2039,5083.0,3875.617643839283
2040,6868.0005,3767.802216075391
2041,15247.001,3799.1093837802964
2042,10373.0,4890.415973683163
2043,13815.0,7389.144149250842
2044,18971.0,13005.827121568193
2045,24126.998,8063.811368487224
2046,22967.0,9485.235980200072
2047,36179.0,13940.122013472763
2048,33901.0,21048.659670811394
2049,77900.0,22453.56711340838
2050,42603.0,26152.979820449804
2051,32435.5,26201.930842216534
2052,22268.0,53208.121394264526
2053,14904.0,33431.49336056383
2054,15621.999,26822.813630935572
2055,8855.0,19414.204422684747
2056,10104.0,13344.621526191613
2057,1313.0,12231.429977755204
2058,3692.0,7577.215369770855
2059,6071.0,7481.5614454778
2060,6391.0,2297.250433448001
2061,7199.0,2805.488844118972
2062,6683.0,4420.155489698004
2063,4330.0,5122.957406250637
2064,4956.0,6009.96802311205
2065,4770.0,4942.646751865756
2066,4584.0,3666.0303756008666
2067,3609.0,3566.2266137682623
2068,2378.0,3188.7218061558283
2069,2719.0002,3222.4987653149915
2070,2765.0,2660.0907429684953
2071,2530.0,1956.1560427562633
2072,2209.0,2049.0355886382877
2073,1888.0,2152.7068202199193
2074,2178.0,2281.2852659402724
2075,1618.0,1772.3398153948508
2076,1097.0,1345.123977205063
2077,850.0,1498.2749746659363
2078,750.0,1415.156756847755
2079,855.0,967.3361282593617
2080,960.0,678.1852013086807
2081,941.0,545.2510793956045
2082,925.0,622.2341816817968
2083,729.0,714.3202233420186
2084,575.0,814.8712503561081
2085,579.0,635.8122484103426
2086,527.0,518.0344338381424
2087,475.0,550.6986819057666
2088,865.99994,462.9702920489543
2089,1227.0001,381.8942949552518
2090,1425.0,1042.6920922803524
2091,1258.0,663.2447223280387
2092,1589.9999,3680.890476770522
2093,1245.0,2591.0816952640794
2094,900.0,990.1121286383197
2095,674.99994,1639.7190226454825
2096,459.99997,1162.557302220288
2097,339.99997,807.6985142642379
2098,519.0,689.6728819786474
2099,771.0,258.6574791036024
2100,583.5,275.4005956667134
2101,396.0,882.7066735094353
2102,695.0,943.4896756778181
2103,880.0,319.3855461075572
2104,625.0,130.38573926283073
2105,421.0,1414.7328807416861
2106,432.0,1574.5550593681114
2107,423.5,443.86253258369396
2108,415.0,163.97625417093266
2109,457.0,146.96092029258034
2110,647.99994,324.4190025558722
2111,875.0,701.3199678576467
2112,705.0,797.411719947508
2113,635.0,2030.0444499338114
2114,472.5,741.8221374604877
2115,310.0,476.1005829056775
2116,247.0,1106.0498935132111
2117,275.0,526.13790386837
2118,147.0,43.122113631258685
2119,147.0,94.15042767241613
2120,140.0,234.5163182525309
2121,136.0,123.93549896214192
2122,132.0,112.21847374379003
2123,131.0,106.30788961025101
2124,130.0,97.62348205699689
2125,122.0,93.93455812398581
2126,114.99999,95.31241297777983
2127,114.99999,91.6377701226605
2128,114.99999,87.0963411085245
2129,98.0,83.37312130346552
2130,95.99999,81.87286517453397
2131,84.99999,81.33630230774263
2132,95.0,71.96131086412171
2133,105.0,69.35801453170428
2134,105.0,62.30020963647239
2135,105.0,66.29478339789547
2136,105.0,71.99076455780433
2137,104.0,73.1910829642671
2138,94.0,73.9283863231948
2139,95.0,74.13288718158198
2140,95.0,73.58983621164445
2141,140.0,68.07009385143277
2142,126.00001,67.66739732034515
2143,112.0,67.20339196980753
2144,98.0,91.48940248200327
2145,94.0,87.92326192701908
2146,88.0,81.46872662961333
2147,95.99999,72.79090784807369
2148,86.0,68.33702846397894
2149,84.99999,63.689519392162474
2150,84.0,66.99901029393196
2151,84.0,61.88100528384389
2152,84.99999,60.74902731610071
2153,82.0,59.74753328519973
2154,84.0,59.400505191054975
2155,84.99999,59.86982144906582
2156,82.0,58.309468768869884
2157,79.0,59.18111100589318
2158,46.000004,59.763260814882855
2159,74.0,58.26856833775476
2160,86.0,56.46585959669112
2161,84.0,38.13807597088372
2162,79.0,50.17714476086314
2163,76.0,57.37305899531232
2164,73.0,58.17491060097038
2165,76.0,56.493132140583796
2166,82.0,54.55659092862788
2167,67.0,52.35239788814332
2168,78.0,53.451717471057684
2169,78.0,56.756564934501654
2170,75.5,49.24478439173702
2171,73.0,54.26066472214332
2172,78.0,54.565877791229525
2173,78.0,53.48758336232456
2174,78.0,52.13179278593467
2175,95.0,54.49072483132103
2176,95.99999,54.752632612801264
2177,97.0,54.967907914139495
2178,98.0,64.30201028399769
2179,112.0,66.36225138759788
2180,98.0,67.90031261647847
2181,103.0,68.93354254137695
2182,98.0,76.69921416902957
2183,102.0,70.41970429009754
2184,99.0,72.65187414185819
2185,99.0,69.92323614475713
