RCDATE,Present Storage(TMC),Reservoir Level(TMC),Inflow,Outflow,MADIKERI,SOMWARPET,VIRAJPET
2011-06-01,3.8,2836.46,15.0,0.0,0.625,0.08333333333333333,0.0
2011-06-02,3.79,2836.41,27.0,0.0,14.25,5.166666666666667,17.333333333333332
2011-06-03,3.8,2836.45,63.0,0.0,44.25,10.666666666666666,46.916666666666664
2011-06-04,3.81,2836.58,172.0,0.0,40.25,14.5,33.666666666666664
2011-06-05,3.82,2836.65,100.0,0.0,34.25,9.166666666666666,34.666666666666664
2011-06-06,3.84,2836.82,220.0,0.0,30.75,8.75,39.5
2011-06-07,3.85,2836.98,208.0,0.0,14.25,7.083333333333333,6.75
2011-06-08,3.87,2837.13,196.0,0.0,37.875,8.0,23.0
2011-06-09,3.89,2837.38,316.0,0.0,16.625,4.75,12.083333333333334
2011-06-10,3.91,2837.535,268.0,0.0,34.5,9.083333333333334,31.0
2011-06-11,3.93,2837.69,220.0,0.0,30.25,10.916666666666666,23.083333333333332
2011-06-12,3.95,2837.91,280.0,0.0,6.375,5.083333333333333,2.5
2011-06-13,4.0,2838.36,557.0,0.0,29.375,20.166666666666668,19.083333333333332
2011-06-14,4.05,2838.84,593.0,0.0,34.5,19.333333333333332,18.916666666666668
2011-06-15,4.13,2839.64,978.0,0.0,44.875,24.666666666666668,22.5
2011-06-16,4.18,2840.16,641.0,0.0,10.375,6.666666666666667,10.916666666666666
2011-06-17,4.265,2840.95,1008.0,0.0,32.5,27.166666666666668,34.916666666666664
2011-06-18,4.35,2841.74,1375.0,0.0,105.375,31.416666666666668,52.25
2011-06-19,4.47,2842.95,1507.0,0.0,20.5,10.666666666666666,4.416666666666667
2011-06-20,4.53,2843.52,702.0,0.0,3.25,0.9166666666666666,1.5
2011-06-21,4.56,2843.82,377.0,0.0,4.75,0.08333333333333333,0.0
2011-06-22,4.6,2844.06,387.0,0.0,0.375,1.1666666666666667,0.08333333333333333
2011-06-23,4.65,2844.32,686.0,0.0,32.75,13.0,8.5
2011-06-24,4.800000000000001,2844.98,1355.5,0.0,31.125,8.416666666666666,2.75
2011-06-25,4.95,2845.64,2025.0,0.0,41.75,8.333333333333334,5.916666666666667
2011-06-26,5.39,2847.62,5117.0,0.0,65.125,38.0,41.166666666666664
2011-06-27,5.73,2849.17,4004.0,0.0,76.125,35.916666666666664,24.25
2011-06-28,6.32,2851.79,6761.0,0.0,76.875,17.333333333333332,24.0
2011-06-29,6.68,2853.41,4184.0,0.0,7.875,7.916666666666667,1.5
2011-06-30,6.93,2854.35,2432.0,0.0,6.0,2.0,1.0
2011-07-01,7.165,2855.045,2597.5,0.0,5.125,0.5833333333333334,12.75
2011-07-02,7.4,2855.74,2763.0,0.0,34.125,16.25,16.75
2011-07-03,7.5,2856.03,2357.0,1200.0,6.375,2.9166666666666665,0.08333333333333333
2011-07-04,7.47,2855.94,1469.0,1800.0,3.475,5.166666666666667,4.25
2011-07-05,7.47,2855.94,1514.0,1500.0,16.375,8.833333333333334,8.416666666666666
2011-07-06,7.5,2856.04,1906.0,1500.0,27.35,11.166666666666666,28.333333333333332
2011-07-07,7.52,2856.1,2649.0,2400.0,28.3,12.083333333333334,12.666666666666666
2011-07-08,7.51,2856.075,2429.5,2200.0,19.875,5.333333333333333,7.583333333333333
2011-07-09,7.5,2856.05,2210.0,2000.0,15.375,2.9166666666666665,8.0
2011-07-10,7.5,2856.04,1882.0,1900.0,3.0,1.0,3.1666666666666665
2011-07-11,7.54,2856.15,1652.0,1200.0,14.75,5.916666666666667,4.25
2011-07-12,7.54,2856.15,1271.0,1200.0,6.375,5.083333333333333,2.5
2011-07-13,7.57,2856.26,1702.0,1250.0,27.25,9.0,9.666666666666666
2011-07-14,7.55,2856.19,1332.0,1585.0,28.0,12.0,15.166666666666666
2011-07-15,7.535,2856.145,3697.0,4126.0,53.75,51.916666666666664,46.0
2011-07-16,7.52,2856.1,6062.0,6667.0,39.125,24.25,23.5
2011-07-17,7.62,2856.39,8032.0,6875.0,92.75,46.166666666666664,54.0
2011-07-18,7.42,2855.81,6135.0,8385.0,49.125,27.666666666666668,31.75
2011-07-19,7.67,2856.56,9960.0,5100.0,64.875,33.666666666666664,23.416666666666668
2011-07-20,7.56,2856.23,7937.0,9208.0,27.125,16.75,21.583333333333332
2011-07-21,7.67,2856.55,6661.0,5386.0,24.75,22.833333333333332,19.5
2011-07-22,7.640000000000001,2856.46,6336.5,5943.0,11.625,11.583333333333334,13.0
2011-07-23,7.61,2856.37,6012.0,6500.0,27.9,17.666666666666668,19.0
2011-07-24,7.7,2856.63,7340.0,6300.0,53.207829371,29.416666666666668,20.626592978016667
2011-07-25,7.68,2856.57,8187.0,8400.0,63.125,13.916666666666666,11.416666666666666
2011-07-26,7.5,2856.03,4750.0,6850.0,16.0,2.5,9.0
2011-07-27,7.43,2855.85,3517.0,4200.0,13.625,1.9166666666666667,13.416666666666666
2011-07-28,7.69,2856.61,4214.0,1215.0,10.05,1.5833333333333333,15.583333333333334
2011-07-29,7.68,2856.575,2757.0,1657.5,11.625,4.583333333333333,15.75
2011-07-30,7.67,2856.54,1300.0,2100.0,3.0,6.083333333333333,4.583333333333333
2011-07-31,7.81,2856.95,3478.0,1850.0,39.325,15.666666666666666,17.25
2011-08-01,7.57,2856.24,2576.0,5335.0,17.2,10.166666666666666,9.75
2011-08-02,7.66,2856.52,3519.0,2400.0,29.0,12.583333333333334,10.0
2011-08-03,7.88,2857.16,6208.0,3679.0,60.25,42.25,32.916666666666664
2011-08-04,7.82,2856.98,7017.0,7700.0,55.125,32.666666666666664,28.416666666666668
2011-08-05,7.9,2857.215,7948.5,7750.0,40.25,31.849999999999998,53.0
2011-08-06,7.98,2857.45,8880.0,7800.0,98.15,38.483333333333334,37.416666666666664
2011-08-07,7.62,2856.4,9031.0,13122.0,44.625,19.95,8.25
2011-08-08,7.55,2856.18,10485.0,11325.0,56.375,23.849999999999998,12.066666666666668
2011-08-09,7.33,2855.54,8153.0,10637.0,26.625,14.183333333333332,10.266666666666667
2011-08-10,7.41,2855.79,5376.0,4375.0,12.25,8.296666666666667,8.273333333333333
2011-08-11,7.67,2856.56,6130.0,3092.0,17.125,7.863953218681668,5.899354665626667
2011-08-12,7.845,2857.065,5449.0,3077.0,49.033400314625,4.22339948768,3.148899767886667
2011-08-13,8.02,2857.57,4768.0,3062.0,46.723745028025,11.681994075715002,6.496516714505
2011-08-14,7.93,2857.32,4358.0,5315.0,7.5685562176125,4.751879648556667,5.608120025021667
2011-08-15,7.78,2856.87,3166.0,4906.0,5.5791777905,0.6321749855541666,0.5341266256995
2011-08-16,7.87,2857.14,3240.0,1700.0,6.95,0.03333333333333333,6.033333333333332
2011-08-17,7.97,2857.44,2747.0,1550.0,8.3226211726875,0.8309919976343333,2.3974071463183333
2011-08-18,8.04,2857.64,2455.0,1650.0,3.875,3.4166666666666665,0.3
2011-08-19,8.1,2857.81,2357.5,1650.0,14.575,7.416666666666667,1.25
2011-08-20,8.16,2857.98,2260.0,1650.0,14.025,5.133333333333334,13.016666666666666
2011-08-21,8.24,2858.22,2612.0,1650.0,38.825,15.0,19.083333333333332
2011-08-22,8.39,2858.66,3395.0,1650.0,4.75,0.3333333333333333,6.3500000000000005
2011-08-23,8.45,2858.86,2343.0,1538.0,14.95,1.0,1.9166666666666667
2011-08-24,8.44,2858.83,1405.0,2333.0,13.625,1.1666666666666667,5.133333333333334
2011-08-25,8.44,2858.81,2000.0,2056.0,21.3,4.55,4.7
2011-08-26,8.44,2858.81,2081.0,1980.5,15.925,4.333333333333333,3.4333333333333336
2011-08-27,8.44,2858.81,2162.0,1905.0,10.069687118800001,19.166666666666668,10.208287108441667
2011-08-28,8.42,2858.75,2529.0,2742.0,10.069687118800001,19.166666666666668,10.208287108441667
2011-08-29,8.41,2858.73,2594.0,2650.0,15.25,16.98333333333333,30.233333333333334
2011-08-30,8.37,2858.6,3337.0,3824.0,28.65,34.416666666666664,18.7
2011-08-31,8.44,2858.81,4562.0,3717.0,40.125,34.86666666666667,22.916666666666668
2011-09-01,8.33,2858.51,4271.0,5423.0,44.75,24.0,25.75
2011-09-02,8.309999999999999,2858.44,5906.5,5511.5,103.375,38.800000000000004,59.11666666666667
2011-09-03,8.29,2858.37,7542.0,5600.0,76.625,32.43333333333333,51.78333333333333
2011-09-04,8.12,2857.87,6364.0,8300.0,55.0,31.183333333333334,27.416666666666668
2011-09-05,8.23,2858.19,7226.0,5950.0,7.85,12.216666666666667,16.53333333333333
2011-09-06,8.23,2858.21,6039.0,5938.0,4.75,6.783333333333334,7.066666666666667
2011-09-07,8.26,2858.29,3803.0,3467.0,20.075,14.1,9.933333333333334
2011-09-08,8.26,2858.3,3250.0,3188.0,6.975,9.516666666666667,4.866666666666667
2011-09-09,8.285,2858.37,3006.5,2611.5,11.425,7.3999999999999995,5.3500000000000005
2011-09-10,8.31,2858.44,2763.0,2035.0,12.625,2.1333333333333333,10.75
2011-09-11,8.36,2858.58,2938.0,2367.0,18.25,6.583333333333333,2.4166666666666665
2011-09-12,8.34,2858.54,2472.0,2606.0,16.625,4.5,1.1333333333333333
2011-09-13,8.35,2858.56,2465.0,2363.0,10.525,1.7,2.283333333333333
2011-09-14,8.36,2858.58,2480.0,2363.0,10.45,15.333333333333334,4.933333333333334
2011-09-15,8.36,2858.58,2280.0,2257.0,20.125,5.383333333333333,6.166666666666667
2011-09-16,8.35,2858.55,2980.5,3545.0,32.417666371525,11.132884546,7.666666666666667
2011-09-17,8.34,2858.52,3681.0,4833.0,7.0,2.8666666666666667,2.8333333333333335
2011-09-18,8.33,2858.51,2892.0,2908.0,2.125,0.318177086467,2.25
2011-09-19,8.33,2858.51,2636.0,2613.0,14.3,2.8166666666666664,7.666666666666667
2011-09-20,8.33,2858.51,2431.0,2408.0,4.275,2.4166666666666665,0.6666666666666666
2011-09-21,8.34,2858.52,1976.0,1913.0,9.25,0.75,3.6666666666666665
2011-09-22,8.33,2858.51,1784.0,1800.0,5.725,2.4166666666666665,4.0
2011-09-23,8.305,2858.425,1499.0,1750.0,0.875,0.3333333333333333,0.8333333333333334
2011-09-24,8.28,2858.34,1214.0,1700.0,0.125,0.75,0.8333333333333334
2011-09-25,8.22,2858.16,926.0,1600.0,0.0,0.0,0.3333333333333333
2011-09-26,8.14,2857.93,730.0,1600.0,0.125,0.0,0.0
2011-09-27,8.055,2857.68,621.0,1550.0,0.125,0.0,0.0
2011-09-28,7.97,2857.43,512.0,1500.0,0.0,0.0,0.0
2011-09-29,7.88,2857.16,463.0,1490.0,0.0,0.0,0.0
2011-09-30,7.77,2856.84,346.0,1569.0,0.0,0.0,0.0
2011-10-01,7.65,2856.49,260.0,1600.0,0.25,4.583333333333333,2.0
2011-10-02,7.53,2856.13,220.0,1600.0,1.0,1.1666666666666667,8.166666666666666
2011-10-03,7.4,2855.75,142.0,1600.0,0.75,1.8333333333333333,0.5833333333333334
2011-10-04,7.27,2855.36,103.0,1500.0,0.125,0.0,0.08333333333333333
2011-10-05,7.13,2854.94,86.0,1500.0,0.0,0.0,0.0
2011-10-06,6.99,2854.53,74.0,1500.0,0.0,0.0,0.0
2011-10-07,6.855,2854.075,174.5,1500.0,0.0,0.08333333333333333,0.0
2011-10-08,6.72,2853.62,275.0,1500.0,0.0,0.16666666666666666,0.16666666666666666
2011-10-09,6.64,2853.25,575.0,1500.0,18.925,14.5,0.0
2011-10-10,6.55,2852.84,472.0,1500.0,17.625,28.716666666666665,13.333333333333334
2011-10-11,6.48,2852.53,730.0,1500.0,25.625,19.099999999999998,10.333333333333334
2011-10-12,6.41,2852.19,583.0,1430.0,43.775,10.25,3.6666666666666665
2011-10-13,6.45,2852.38,1301.0,783.0,8.875,21.133333333333333,12.333333333333334
2011-10-14,6.46,2852.4300000000003,979.0,641.5,4.625,0.65,0.5833333333333334
2011-10-15,6.47,2852.48,657.0,500.0,4.375,21.45,5.083333333333333
2011-10-16,6.48,2852.52,632.0,500.0,5.75,10.166666666666666,4.666666666666667
2011-10-17,6.48,2852.52,717.0,585.0,7.2,4.916666666666667,1.8333333333333333
2011-10-18,6.45,2852.41,345.0,600.0,7.0,1.5833333333333333,6.75
2011-10-19,6.42,2852.24,300.0,709.0,19.5,0.16666666666666666,0.5
2011-10-20,6.34,2851.9,101.0,948.0,2.8791585272524998,0.0,0.0
2011-10-21,6.265000000000001,2851.56,165.5,961.5,2.0,4.666666666666667,1.5
2011-10-22,6.19,2851.22,230.0,975.0,5.625,5.5,18.166666666666668
2011-10-23,6.11,2850.87,101.0,975.0,0.0,0.0,0.08333333333333333
2011-10-24,6.1,2850.82,761.0,862.0,42.75,27.333333333333332,51.75
2011-10-25,6.1,2850.8,510.0,534.0,8.75,5.5,17.666666666666668
2011-10-26,6.12,2850.92,837.0,500.0,5.75,8.666666666666666,0.5833333333333334
2011-10-27,6.11,2850.84,362.0,540.0,0.0,0.0,0.08333333333333333
2011-10-28,6.075,2850.695,314.5,570.0,18.0,3.0,9.5
2011-10-29,6.04,2850.55,267.0,600.0,0.0,0.0,0.0
2011-10-30,6.0,2850.35,245.0,733.0,16.75,5.95,2.5833333333333335
2011-10-31,5.93,2850.05,55.0,800.0,2.0,3.1,0.5
2012-06-01,1.77,2809.0,12.0,560.0,0.1,0.0,0.0
2012-06-02,1.73,2808.0,14.0,490.0,0.0,0.0,0.0
2012-06-03,1.69,2808.0,15.0,475.0,0.875,0.03333333333333333,0.049999999999999996
2012-06-04,1.64,2807.0,14.0,490.0,1.575,0.65,0.7833333333333332
2012-06-05,1.6,2806.0,16.0,485.0,13.225,1.7833333333333334,3.0833333333333335
2012-06-06,1.56,2806.0,15.0,470.0,17.0,4.966666666666668,21.883333333333336
2012-06-07,1.52,2805.0,13.0,445.0,18.1,5.95,12.183333333333332
2012-06-08,1.52,2805.0,13.0,445.0,6.1,4.8,4.75
2012-06-09,1.475,2804.5,18.0,357.5,3.075,4.566666666666667,1.5166666666666666
2012-06-10,1.43,2804.0,23.0,270.0,5.1499999999999995,7.133333333333334,1.75
2012-06-11,1.42,2804.0,121.0,250.0,0.8499999999999999,3.5,0.0
2012-06-12,1.41,2803.0,81.0,250.0,8.850000000000001,1.2333333333333334,5.816666666666666
2012-06-13,1.39,2803.0,58.0,250.0,8.65,4.066666666666666,7.05
2012-06-14,1.37,2802.5,64.0,250.0,6.125,0.39999999999999997,7.3999999999999995
2012-06-15,1.35,2802.0,70.0,250.0,23.675,7.466666666666666,5.300000000000001
2012-06-16,1.355,2802.0,90.5,125.0,1.875,1.7833333333333334,4.416666666666667
2012-06-17,1.36,2802.0,111.0,0.0,37.175,13.049999999999999,16.783333333333335
2012-06-18,1.36,2802.48,111.0,0.0,72.425,30.683333333333326,55.54999999999999
2012-06-19,1.51,2804.8900000000003,782.0,0.0,64.25,40.65,41.46666666666667
2012-06-20,1.66,2807.3,1453.0,0.0,14.425,10.899999999999999,4.983333333333333
2012-06-21,1.73,2808.27,788.0,0.0,16.725,9.450000000000001,12.783333333333333
2012-06-22,1.78,2809.01,603.0,0.0,15.9,4.2,4.333333333333334
2012-06-23,1.83,2809.75,604.0,0.0,8.200000000000001,1.75,2.966666666666667
2012-06-24,1.87,2810.22,388.0,0.0,2.7249999999999996,0.25,2.3333333333333335
2012-06-25,1.89,2810.54,267.0,0.0,3.4000000000000004,3.65,1.5333333333333332
2012-06-26,1.91,2810.83,244.0,0.0,6.225,1.1333333333333333,0.26666666666666666
2012-06-27,1.93,2811.09,220.0,0.0,17.95,3.8833333333333333,5.916666666666667
2012-06-28,1.95,2811.44,290.0,0.0,3.3499999999999996,2.0166666666666666,1.7333333333333332
2012-06-29,1.98,2811.89,372.0,0.0,24.275,9.283333333333333,6.533333333333334
2012-06-30,2.03,2812.56,549.0,0.0,15.067556059902776,11.270123472444178,12.275810277127475
2012-07-01,2.085,2813.335,626.5,0.0,26.425,9.666666666666666,16.35
2012-07-02,2.14,2814.11,704.0,0.0,41.9,22.316666666666663,23.53333333333333
2012-07-03,2.32,2816.12,2116.0,0.0,17.5,12.133333333333333,12.699999999999998
2012-07-04,2.43,2817.38,1331.0,0.0,3.25,1.7833333333333332,1.5833333333333333
2012-07-05,2.54,2818.58,1269.0,0.0,17.5,12.133333333333333,12.699999999999998
2012-07-06,2.62,2819.44,914.0,0.0,3.25,1.7833333333333332,1.5833333333333333
2012-07-07,2.69,2820.16,663.0,0.0,13.4,1.25,3.8666666666666667
2012-07-08,2.745,2820.7799999999997,715.5,0.0,9.725,6.283333333333334,2.466666666666667
2012-07-09,2.8,2821.4,768.0,0.0,13.400000000000002,3.4,8.799999999999999
2012-07-10,2.86,2822.12,768.0,0.0,25.325,2.9166666666666665,19.783333333333335
2012-07-11,2.94,2823.0,936.0,0.0,8.175,4.6000000000000005,6.766666666666667
2012-07-12,3.0,2823.745,754.5,0.0,12.725,9.1,7.733333333333333
2012-07-13,3.06,2824.49,573.0,0.0,2.6999999999999997,0.7999999999999999,3.616666666666666
2012-07-14,3.09,2825.1,372.0,0.0,5.725,2.0166666666666666,3.116666666666667
2012-07-15,3.12,2825.73,384.0,0.0,16.975,6.1499999999999995,6.45
2012-07-16,3.17,2826.62,538.0,0.0,5.275,2.316666666666667,1.8166666666666664
2012-07-17,3.2,2827.29,409.0,0.0,0.975,1.9000000000000001,1.4166666666666667
2012-07-18,3.27,2828.64,811.0,0.0,25.725,20.349999999999998,8.3
2012-07-19,3.34,2829.99,811.0,0.0,14.85,9.433333333333335,6.966666666666666
2012-07-20,3.39,2830.9,552.0,0.0,5.7,4.7,6.616666666666667
2012-07-21,3.43,2831.85,575.0,0.0,17.975,18.666666666666668,12.6
2012-07-22,3.59,2833.8999999999996,1746.0,0.0,34.275,27.116666666666664,18.150000000000002
2012-07-23,3.75,2835.95,2917.0,0.0,20.175,14.116666666666665,16.45
2012-07-24,3.98,2838.22,2740.0,0.0,20.025,12.966666666666667,6.733333333333333
2012-07-25,4.175,2840.09,2548.0,0.0,2.6500000000000004,2.0833333333333335,1.2333333333333332
2012-07-26,4.37,2841.96,2356.0,0.0,37.55,22.8,7.8999999999999995
2012-07-27,4.87,2845.29,5789.0,0.0,41.525000000000006,49.050000000000004,13.666666666666666
2012-07-28,5.62,2848.68,8747.0,0.0,23.5,41.75,14.166666666666666
2012-07-29,6.11,2850.86,5630.0,0.0,16.375,10.766666666666666,9.75
2012-07-30,6.45,2852.41,4007.0,0.0,7.875,9.749999999999998,5.733333333333333
2012-07-31,6.7,2853.5,2866.0,44.0,6.200000000000001,6.8500000000000005,7.766666666666666
2012-08-01,6.9,2854.28,2618.0,219.0,7.3500000000000005,14.633333333333333,8.883333333333333
2012-08-02,7.125,2854.945,2433.0,309.5,2.5,2.233333333333334,2.8333333333333335
2012-08-03,7.35,2855.61,2248.0,400.0,13.0,10.233333333333334,11.049999999999999
2012-08-04,7.52,2856.09,3563.0,650.0,13.75,19.783333333333335,12.133333333333335
2012-08-05,7.71,2856.66,3114.0,867.0,20.85,23.999999999999996,42.56666666666666
2012-08-06,7.86,2857.12,3628.0,0.0,69.875,39.21666666666666,84.51666666666667
2012-08-07,7.78,2856.87,9074.0,0.0,123.975,66.51666666666667,83.81666666666668
2012-08-08,7.61,2856.36,6800.0,0.0,46.324999999999996,20.500000000000004,22.25
2012-08-09,7.83,2857.01,7436.0,0.0,55.650000000000006,10.983333333333334,15.883333333333335
2012-08-10,7.82,2857.0,7501.0,0.0,36.175,14.5,6.3500000000000005
2012-08-11,7.65,2856.5,5348.0,0.0,49.825,17.76666666666667,15.899999999999999
2012-08-12,7.675000000000001,2856.56,5094.5,2150.0,45.400000000000006,23.0,33.46666666666667
2012-08-13,7.7,2856.62,4841.0,4300.0,19.150000000000002,7.916666666666667,12.166666666666666
2012-08-14,7.75,2856.79,3973.0,3292.0,2.35,1.9166666666666667,1.5999999999999999
2012-08-15,7.8,2856.94,2787.0,2186.0,0.8,0.8666666666666666,1.0333333333333334
2012-08-16,7.86,2857.12,2712.0,1992.0,9.475,2.3333333333333335,11.166666666666666
2012-08-17,7.89,2857.19,1930.0,1641.0,11.775,4.233333333333333,2.8000000000000003
2012-08-18,7.95,2857.36,2230.0,1550.0,26.15,5.900000000000001,19.53333333333333
2012-08-19,8.025,2857.585,2426.5,1550.0,8.225,10.3,7.516666666666667
2012-08-20,8.1,2857.81,2623.0,1550.0,2.875,3.0500000000000003,9.5
2012-08-21,8.09,2857.8,1526.0,1550.0,2.875,3.0500000000000003,9.5
2012-08-22,8.06,2857.69,1134.0,1550.0,9.95,12.066666666666665,1.95
2012-08-23,7.99,2857.5,861.0,1590.0,2.325,0.16666666666666666,0.4833333333333334
2012-08-24,7.9,2857.22,518.0,1600.0,0.025,0.05000000000000001,0.08333333333333333
2012-08-25,7.8,2856.93,479.0,1600.0,6.600000000000001,4.316666666666666,7.033333333333332
2012-08-26,7.75,2856.785,479.0,1600.0,50.05,14.25,30.7
2012-08-27,7.7,2856.64,479.0,1600.0,19.55,18.783333333333335,2.6333333333333333
2012-08-28,7.91,2857.25,2347.0,1471.0,33.575,15.233333333333334,25.55
2012-08-29,8.03,2857.62,2904.0,1440.0,40.8,26.38333333333333,24.416666666666668
2012-08-30,8.2,2858.1,5798.0,3896.0,37.375,31.866666666666664,19.333333333333332
2012-08-31,8.11,2857.86,5225.0,6150.0,34.225,30.600000000000005,23.599999999999998
2012-09-01,8.11,2857.86,5225.0,6150.0,37.875,23.2,30.53333333333333
2012-09-02,8.195,2858.11,5693.5,5150.0,15.3,21.400000000000002,16.05
2012-09-03,8.28,2858.36,6162.0,4150.0,32.575,22.149999999999995,27.28333333333333
2012-09-04,8.3,2858.42,5867.0,5617.0,43.7,27.8,26.333333333333332
2012-09-05,8.09,2857.8,5494.0,7908.0,20.725,16.883333333333336,10.4
2012-09-06,8.05,2857.68,4411.0,4959.0,5.8,6.1000000000000005,4.683333333333334
2012-09-07,8.07,2857.72,3854.0,3683.0,16.575,7.983333333333333,4.25
2012-09-08,8.08,2857.77,3378.0,3167.0,13.599999999999998,5.366666666666667,7.316666666666666
2012-09-09,8.059999999999999,2857.705,2778.0,2861.0,6.85,4.1000000000000005,6.116666666666667
2012-09-10,8.04,2857.64,2178.0,2555.0,27.724999999999998,3.9500000000000006,24.8
2012-09-11,8.05,2857.66,1870.0,1777.0,2.0999999999999996,5.833333333333333,4.05
2012-09-12,8.01,2857.56,1581.0,1958.0,11.6,5.349999999999999,6.75
2012-09-13,7.945,2857.365,1377.5,2029.0,11.5,5.283333333333334,7.05
2012-09-14,7.88,2857.17,1174.0,2100.0,12.15,0.8500000000000001,5.183333333333333
2012-09-15,7.79,2856.89,1068.0,2150.0,8.125,3.9499999999999997,4.166666666666667
2012-09-16,7.69,2856.6,1029.0,2150.0,7.800000000000001,3.75,8.116666666666667
2012-09-17,7.46,2855.93,833.0,2150.0,11.625,2.8333333333333335,3.6833333333333336
2012-09-18,7.35,2855.59,833.0,2150.0,7.300000000000001,1.75,2.6333333333333333
2012-09-19,7.35,2855.59,833.0,2150.0,7.449999999999999,5.066666666666667,2.25
2012-09-20,7.18,2855.1,245.0,2150.0,0.07500000000000001,0.08333333333333333,0.0
2012-09-21,7.09,2854.84,646.0,1650.0,0.05,0.03333333333333333,0.0
2012-09-22,6.98,2854.52,412.0,1650.0,0.0,0.0,0.0
2012-09-23,6.87,2854.1549999999997,458.0,1650.0,0.0,0.03333333333333333,0.0
2012-09-24,6.76,2853.79,504.0,1650.0,0.0,0.0,0.0
2012-09-25,6.68,2853.41,609.0,1567.0,0.0,0.11666666666666665,0.0
2012-09-26,6.58,2852.99,589.0,1650.0,0.05,0.0,0.0
2012-09-27,6.48,2852.54,512.0,1650.0,0.0,0.0,0.0
2012-09-28,6.38,2852.07,460.0,1650.0,0.175,0.6333333333333333,0.0
2012-09-29,6.28,2851.61,486.0,1650.0,0.42500000000000004,0.03333333333333333,1.3333333333333333
2012-09-30,6.2,2851.26,519.3333333333334,1580.6666666666667,13.65,12.250000000000002,3.8166666666666664
2012-10-01,6.12,2850.91,552.6666666666666,1511.3333333333333,14.175,8.65,2.1833333333333336
2012-10-02,6.04,2850.56,586.0,1442.0,16.225,7.716666666666666,14.283333333333331
2012-10-03,5.97,2850.22,632.0,1488.0,13.7,3.8000000000000003,6.466666666666669
2012-10-04,5.87,2849.77,361.0,1500.0,0.475,0.06666666666666667,0.06666666666666667
2012-10-05,5.32,2847.3,361.0,6706.0,0.9,0.18333333333333335,0.08333333333333333
2012-10-06,5.14,2846.52,361.0,2352.0,0.0,0.0,0.0
2012-10-07,5.03,2846.0,229.0,1550.0,0.05,0.0,0.0
2012-10-08,4.99,2845.83,314.0,0.0,0.075,0.03333333333333333,0.0
2012-10-09,4.95,2845.66,187.0,813.0,8.35,0.4666666666666666,0.65
2012-10-10,4.88,2845.33,168.0,1000.0,22.400000000000002,4.033333333333333,18.1
2012-10-11,4.79,2844.93,188.0,1200.0,0.475,0.21666666666666667,0.06666666666666667
2012-10-12,4.66,2844.34,98.0,1600.0,0.075,0.0,0.0
2012-10-13,4.55,2843.72,205.0,1400.0,0.05,0.09999999999999999,0.26666666666666666
2012-10-14,4.49,2843.1099999999997,175.5,1125.0,0.85,0.41666666666666674,0.6000000000000001
2012-10-15,4.43,2842.5,146.0,850.0,23.05,1.4166666666666667,49.96666666666667
2012-10-16,4.39,2842.1,736.0,1200.0,22.35,19.15,11.450000000000001
2012-10-17,4.33,2841.6,316.0,900.0,5.125,0.03333333333333333,0.6166666666666667
2012-10-18,4.28,2841.07,280.0,900.0,0.22499999999999998,0.06666666666666667,0.016666666666666666
2012-10-19,4.22,2840.49,219.0,900.0,0.0,0.0,0.03333333333333333
2012-10-20,4.16,2839.95,167.0,800.0,6.25,3.6999999999999997,6.883333333333333
2012-10-21,4.15,2839.85,230.0,400.0,8.625,4.566666666666666,5.400000000000001
2012-10-22,4.14,2839.75,293.0,0.0,5.2,1.0833333333333333,6.466666666666666
2012-10-23,4.16,2839.95,257.0,0.0,3.6,0.7333333333333334,0.48333333333333334
2012-10-24,4.18,2840.16,269.0,0.0,0.0,0.10000000000000002,0.0
2012-10-25,4.2,2840.35,245.0,0.0,0.0,0.0,0.0
2012-10-26,4.22,2840.53,233.0,0.0,0.075,1.8333333333333333,0.0
2012-10-27,4.24,2840.71,233.0,0.0,0.0,0.05000000000000001,0.0
2012-10-28,4.255,2840.865,227.0,0.0,0.075,0.0,0.0
2012-10-29,4.27,2841.02,221.0,0.0,0.0,0.0,0.0
2012-10-30,4.22,2840.51,424.0,744.0,0.6,8.799999999999999,0.03333333333333333
2012-10-31,4.17,2840.0,627.0,1488.0,0.0,0.0,0.0
2013-06-01,1.25,2800.17,172.0,0.0,17.2625,19.421666666666667,0.0
2013-06-02,1.26,2800.38,132.0,0.0,6.620000000000001,0.25166666666666665,4.353333333333333
2013-06-03,1.27,2800.59,146.5,0.0,36.86,6.996666666666667,30.116666666666664
2013-06-04,1.28,2800.8,161.0,0.0,5.365,1.7133333333333332,2.908333333333333
2013-06-05,1.29,2801.0,124.0,0.0,3.115,1.2616666666666667,4.58
2013-06-06,1.29,2801.14,90.0,0.0,2.4425,2.341666666666667,0.32833333333333337
2013-06-07,1.3,2801.25,73.0,0.0,18.009999999999998,2.345,6.765000000000001
2013-06-08,1.31,2801.41,102.0,0.0,14.532499999999999,5.913333333333334,7.794999999999999
2013-06-09,1.32,2801.73,193.0,0.0,34.337500000000006,12.436666666666667,12.113333333333335
2013-06-10,1.355,2802.375,276.5,0.0,10.33,11.146666666666667,11.598333333333334
2013-06-11,1.39,2803.02,360.0,0.0,36.245000000000005,31.345000000000002,23.473333333333333
2013-06-12,1.52,2805.28,1595.0,0.0,57.6475,19.971666666666664,31.289999999999996
2013-06-13,1.62,2806.69,1137.0,0.0,17.057499999999997,13.793333333333335,11.931666666666665
2013-06-14,1.74,2808.37,1354.0,0.0,56.82,34.093333333333334,21.116666666666664
2013-06-15,1.35,2810.65,1836.0,0.0,50.63,44.11166666666667,39.553333333333335
2013-06-16,2.11,2813.76,2501.0,0.0,78.52499999999999,49.208333333333336,49.56833333333335
2013-06-17,2.4349999999999996,2817.405,3210.5,0.0,49.51,26.313333333333333,31.00666666666667
2013-06-18,2.76,2821.05,3920.0,0.0,70.48,26.03,33.985
2013-06-19,2.98,2823.43,2498.0,0.0,17.265,7.510000000000001,6.32
2013-06-20,3.075,2825.09,1708.5,0.0,48.605,16.093333333333334,35.10833333333333
2013-06-21,3.17,2826.75,919.0,0.0,4.79,1.4649999999999999,2.565
2013-06-22,3.24,2828.05,777.0,0.0,24.345,15.306666666666667,7.136666666666667
2013-06-23,3.32,2829.62,937.0,0.0,28.55,12.094999999999999,11.806666666666667
2013-06-24,3.41,2831.45,1091.0,0.0,43.995000000000005,25.974999999999998,16.126666666666665
2013-06-25,3.83,2836.75,4825.0,0.0,115.34500000000001,57.06166666666667,105.60833333333333
2013-06-26,4.58,2843.95,8670.0,0.0,93.18,55.508333333333326,54.14333333333334
2013-06-27,5.77,2849.34,13831.0,0.0,66.55250000000001,26.429999999999996,30.919999999999998
2013-06-28,6.55,2852.86,9083.0,0.0,21.28,7.271666666666666,8.038333333333332
2013-06-29,7.1,2854.87,5193.0,0.0,16.85,6.353333333333334,4.398333333333333
2013-06-30,7.56,2856.23,6507.0,0.0,0.6725,0.7716666666666668,0.64
2013-07-01,7.765,2856.835,4440.0,591.5,4.5525,6.298333333333333,11.513333333333334
2013-07-02,7.97,2857.44,2373.0,1183.0,27.51,18.896666666666665,4.998333333333333
2013-07-03,7.7,2856.62,2195.0,5392.0,84.0275,30.098333333333333,48.64000000000001
2013-07-04,8.0,2857.52,9740.0,6200.0,151.3025,109.17500000000001,101.89833333333333
2013-07-05,7.45,2855.9,9633.0,15650.0,95.25,45.826666666666675,19.503333333333334
2013-07-06,7.47,2855.95,11497.0,11600.0,40.995,33.20666666666666,12.091666666666667
2013-07-07,7.16,2855.04,8050.0,11600.0,79.7675,22.236666666666668,8.431666666666667
2013-07-08,7.335,2855.55,7535.0,7775.0,29.94,6.778333333333333,3.7016666666666667
2013-07-09,7.51,2856.06,7020.0,3950.0,16.395,13.046666666666665,20.331666666666667
2013-07-10,7.82,2856.99,7158.0,3263.0,24.11,14.861666666666665,13.768333333333336
2013-07-11,7.78,2856.88,6238.0,6654.0,60.3125,32.949999999999996,14.498333333333335
2013-07-12,7.74,2856.76,6937.0,7492.0,49.839999999999996,36.11833333333333,16.508333333333333
2013-07-13,7.87,2857.15,11091.0,9548.0,48.0875,44.255,19.21166666666667
2013-07-14,7.33,2855.53,5748.0,12079.0,24.2125,18.048333333333336,10.536666666666667
2013-07-15,7.45,2855.885,6162.5,8165.0,17.955,7.451666666666665,13.175000000000002
2013-07-16,7.57,2856.24,6577.0,4251.0,26.712500000000002,18.385,14.818333333333333
2013-07-17,7.71,2856.65,7533.0,5912.0,42.9525,31.8,25.084999999999997
2013-07-18,7.7,2856.64,6326.0,6350.0,35.975,32.77833333333333,24.513333333333332
2013-07-19,7.96,2857.41,11981.0,8950.0,94.0,63.366666666666674,57.19166666666666
2013-07-20,7.61,2856.38,18606.0,22625.0,92.385,86.00333333333333,80.12833333333333
2013-07-21,7.87,2857.15,20425.0,17394.0,77.865,60.06333333333333,48.285
2013-07-22,7.395,2855.735,16793.0,16347.0,41.225,37.615,20.36
2013-07-23,6.92,2854.32,13161.0,15300.0,36.295,34.045,18.73166666666667
2013-07-24,6.81,2854.01,9825.0,11025.0,40.9,44.32833333333334,35.83166666666666
2013-07-25,7.11,2854.88,13322.0,9900.0,57.7325,46.291666666666664,62.58833333333334
2013-07-26,7.14,2854.99,10345.0,9900.0,49.629999999999995,50.754999999999995,41.535000000000004
2013-07-27,7.15,2855.02,10032.0,9900.0,41.89,32.711666666666666,32.54333333333333
2013-07-28,7.17,2855.06,10071.0,9900.0,63.042500000000004,26.41333333333333,30.738333333333333
2013-07-29,7.359999999999999,2855.62,10051.5,9900.0,49.379999999999995,27.566666666666666,29.974999999999998
2013-07-30,7.55,2856.18,10032.0,9900.0,6.779999999999999,8.595,1.4966666666666668
2013-07-31,7.06,2854.75,4271.0,9858.0,40.97,16.048333333333336,63.76666666666667
2013-08-01,7.22,2855.21,6341.0,4525.0,68.60249999999999,20.98333333333333,51.32
2013-08-02,7.95,2857.36,12836.0,4400.0,119.32249999999999,48.69166666666666,89.41666666666667
2013-08-03,8.09,2857.79,10368.0,8669.0,55.0475,51.46666666666667,39.04333333333333
2013-08-04,8.04,2857.65,8967.0,9500.0,56.13250000000001,29.875,13.649999999999999
2013-08-05,7.824999999999999,2857.01,8080.0,10708.5,53.53,11.128333333333332,7.148333333333333
2013-08-06,7.61,2856.37,7193.0,11917.0,34.2425,13.549999999999999,7.413333333333333
2013-08-07,7.86,2857.11,9113.0,6200.0,23.987499999999997,19.236666666666668,3.2183333333333333
2013-08-08,8.01,2857.55,7389.0,5650.0,24.3425,5.871666666666666,10.074999999999998
2013-08-09,7.97,2857.43,5477.0,5932.0,18.6825,5.06,2.828333333333333
2013-08-10,7.93,2857.32,4255.0,4671.0,9.487499999999999,2.143333333333333,2.6199999999999997
2013-08-11,8.05,2857.66,4855.0,3500.0,11.4275,2.308333333333333,8.773333333333332
2013-08-12,8.11,2857.84,4498.5,3555.0,15.584999999999997,4.833333333333333,5.47
2013-08-13,8.17,2858.02,4142.0,3610.0,14.445,1.4783333333333333,0.7466666666666667
2013-08-14,8.2,2858.12,4128.0,3713.0,26.814999999999998,9.838333333333333,9.366666666666665
2013-08-15,8.16,2858.0,4117.0,4564.0,4.555,2.3850000000000002,1.6900000000000002
2013-08-16,8.19,2858.07,3649.0,3353.0,18.2625,6.348333333333334,5.336666666666667
2013-08-17,8.2,2858.1,3441.0,3300.0,10.8275,4.84,1.5149999999999997
2013-08-18,8.16,2858.0,3073.0,3442.0,16.9525,5.745000000000001,6.541666666666667
2013-08-19,8.175,2858.045,3414.0,3450.0,26.14,13.996666666666664,7.316666666666666
2013-08-20,8.19,2858.09,3755.0,3458.0,8.485,11.656666666666666,5.586666666666667
2013-08-21,8.28,2858.36,4069.0,2988.0,23.125,21.679999999999996,7.401666666666666
2013-08-22,8.27,2858.32,4320.0,4454.0,16.8625,13.394999999999998,4.256666666666667
2013-08-23,8.26,2858.28,4031.0,4164.0,16.177500000000002,12.423333333333332,3.7900000000000005
2013-08-24,8.19,2858.08,4015.0,4775.0,13.01,11.918333333333331,1.1500000000000001
2013-08-25,8.29,2858.37,4942.0,3783.0,19.697499999999998,5.528333333333333,5.825
2013-08-26,8.239999999999998,2858.23,3970.5,3575.5,4.0725,2.2866666666666666,1.0916666666666668
2013-08-27,8.19,2858.09,2999.0,3368.0,5.529999999999999,2.095,9.011666666666668
2013-08-28,8.2,2858.1,2645.0,2584.0,0.47500000000000003,1.715,0.0
2013-08-29,8.29,2858.39,3020.0,1858.0,2.3,1.445,0.0
2013-08-30,8.33,2858.5,2684.0,2230.0,4.7125,0.3566666666666667,2.809999999999999
2013-08-31,8.28,2858.36,1927.0,2451.0,1.3599999999999999,0.275,0.006666666666666667
2013-09-01,8.29,2858.38,2075.0,2010.5,5.2725,0.08666666666666667,0.11666666666666665
2013-09-02,8.3,2858.4,2223.0,1570.0,17.9625,6.195,0.355
2013-09-03,8.3,2858.4,1622.0,1600.0,1.2725,0.44166666666666665,0.17500000000000002
2013-09-04,8.32,2858.46,1857.0,1600.0,9.297500000000001,3.405,1.9216666666666669
2013-09-05,8.34,2858.52,1807.0,1550.0,3.6225,4.213333333333334,0.27499999999999997
2013-09-06,8.35,2858.55,1641.0,1500.0,13.504999999999999,4.1866666666666665,5.175
2013-09-07,8.35,2858.57,1685.0,1583.0,15.34,11.841666666666669,2.2916666666666665
2013-09-08,8.33,2858.5,1578.0,1829.0,7.92,4.575,5.993333333333333
2013-09-09,8.335,2858.51,1626.0,2190.5,13.4125,14.961666666666666,3.1033333333333335
2013-09-10,8.34,2858.52,1674.0,2552.0,1.0125,5.325,0.08166666666666667
2013-09-11,8.38,2858.64,1993.0,1500.0,3.0199999999999996,1.1066666666666667,2.1083333333333334
2013-09-12,8.39,2858.68,1681.0,1500.0,4.46,0.605,1.305
2013-09-13,8.38,2858.63,1457.0,1630.0,6.3575,8.295,8.371666666666668
2013-09-14,8.34,2858.53,1332.0,1700.0,29.5425,8.12,1.6583333333333334
2013-09-15,8.35,2858.56,1579.0,1438.0,1.8624999999999998,11.168333333333335,1.2499999999999998
2013-09-16,8.365,2858.5950000000003,1638.0,1419.0,39.955,7.935,10.726666666666667
2013-09-17,8.38,2858.63,1697.0,1400.0,11.54,2.8966666666666665,7.173333333333333
2013-09-18,8.4,2858.69,1658.0,1400.0,34.6725,15.759999999999998,21.801666666666666
2013-09-19,8.35,2858.57,2490.0,2937.0,42.582499999999996,30.15833333333333,30.25666666666667
2013-09-20,8.4,2858.69,3893.0,3400.0,24.435,20.035,32.0
2013-09-21,8.2,2858.11,7603.0,9852.0,38.1425,37.895,14.188333333333333
2013-09-22,8.24,2858.24,5057.0,4525.0,11.945,11.183333333333335,6.173333333333333
2013-09-23,8.265,2858.31,3847.5,3296.0,0.055,0.6833333333333335,0.09000000000000001
2013-09-24,8.29,2858.38,2638.0,2067.0,3.8900000000000006,3.2600000000000002,1.5983333333333334
2013-09-25,8.39,2858.68,2648.0,1450.0,2.5925000000000002,0.7133333333333334,2.558333333333333
2013-09-26,8.37,2858.6,1578.0,1950.0,0.915,0.6983333333333334,0.4083333333333334
2013-09-27,8.3,2858.4,1253.0,2013.0,0.21250000000000002,0.011666666666666667,0.23500000000000001
2013-09-28,8.27,2858.33,1399.0,1650.0,0.0,0.0,0.041666666666666664
2013-09-29,8.23,2858.19,1125.0,1650.0,1.15,0.35666666666666663,0.26499999999999996
2013-09-30,8.190000000000001,2858.075,1201.0,1647.5,0.8025,0.44333333333333336,0.36999999999999994
2013-10-01,8.15,2857.96,1277.0,1645.0,27.295,13.775,11.218333333333334
2013-10-02,8.25,2858.25,2592.0,1433.0,17.1575,1.7449999999999999,0.5449999999999998
2013-10-03,8.26,2858.28,1703.0,1562.0,2.495,2.836666666666666,0.3016666666666667
2013-10-04,8.2,2858.12,996.0,1600.0,0.0,0.0016666666666666668,0.0
2013-10-05,8.4,2858.69,1658.0,1400.0,0.065,0.17500000000000002,0.0
2013-10-06,8.11,2857.86,1121.0,1450.0,11.62,4.871666666666667,4.343333333333333
2013-10-07,8.07,2857.735,1003.5,1450.0,9.254999999999999,4.6066666666666665,2.3233333333333333
2013-10-08,8.03,2857.61,886.0,1450.0,4.2675,0.16,0.8483333333333332
2013-10-09,7.99,2857.49,1003.0,1450.0,0.8425,0.28833333333333333,1.1416666666666668
2013-10-10,7.88,2857.16,259.0,1529.0,3.7925,1.3333333333333333,3.355
2013-10-11,7.79,2856.89,515.0,1550.0,0.08,0.0033333333333333335,2.14
2013-10-12,7.68,2856.58,358.0,1550.0,1.875,0.8116666666666666,4.413333333333333
2013-10-13,7.57,2856.24,240.0,1550.0,17.0275,2.5883333333333334,13.871666666666668
2013-10-14,7.455,2855.91,240.5,1550.0,0.6924999999999999,1.43,3.731666666666667
2013-10-15,7.34,2855.58,241.0,1550.0,1.1125,0.013333333333333334,0.33
2013-10-16,7.23,2855.24,241.0,1550.0,5.12,6.076666666666665,6.170000000000001
2013-10-17,7.12,2854.91,280.0,1550.0,26.805,8.581666666666669,16.925
2013-10-18,7.01,2854.61,355.0,1550.0,9.4275,7.515,1.888333333333333
2013-10-19,6.89,2854.24,23.0,1450.0,17.635,3.375,8.521666666666668
2013-10-20,6.87,2854.18,1237.0,1450.0,46.707499999999996,39.99166666666667,25.716666666666665
2013-10-21,6.8149999999999995,2853.975,885.0,1375.0,0.1525,0.03166666666666667,0.09500000000000001
2013-10-22,6.76,2853.77,533.0,1300.0,3.17,2.7949999999999995,1.8166666666666667
2013-10-23,6.69,2853.49,600.0,1300.0,3.8825000000000003,3.5783333333333336,12.153333333333334
2013-10-24,6.65,2853.28,831.0,1300.0,5.629999999999999,9.556666666666667,6.16
2013-10-25,6.56,2852.88,348.0,1350.0,0.525,2.7183333333333333,0.24
2013-10-26,6.48,2852.54,502.0,1350.0,3.7375,0.40666666666666673,1.8883333333333334
2013-10-27,6.383333333333334,2852.1066666666666,416.0,1350.0,0.0075,0.34,0.2916666666666667
2013-10-28,6.286666666666667,2851.673333333333,330.0,1350.0,0.1125,0.0,0.041666666666666664
2013-10-29,6.19,2851.24,244.0,1350.0,0.0,0.0,0.043333333333333335
2013-10-30,6.09,2850.76,219.0,1429.0,3.4050000000000002,1.7199999999999998,0.01
2013-10-31,6.09,2850.76,219.0,1429.0,12.7025,0.13999999999999999,0.605
2014-06-01,1.97,2811.72,61.0,0.0,3.7725,5.198333333333333,0.0
2014-06-02,1.97,2811.72,13.0,0.0,0.0,0.0,0.0
2014-06-03,1.98,2811.79,68.0,0.0,32.3825,22.631666666666664,18.89666666666667
2014-06-04,1.98,2811.87,76.0,0.0,0.5924999999999999,0.10833333333333334,0.10333333333333333
2014-06-05,1.98,2811.91,42.0,0.0,0.0,0.0,0.4166666666666667
2014-06-06,1.99,2811.94,33.0,0.0,1.2875,0.7000000000000001,0.135
2014-06-07,1.99,2811.96,28.0,0.0,0.3875,0.39666666666666667,0.6649999999999999
2014-06-08,1.99,2811.99,29.0,0.0,0.3425,0.12666666666666668,0.585
2014-06-09,1.99,2812.03,33.0,0.0,6.645,0.24333333333333337,5.571666666666666
2014-06-10,1.99,2812.045,26.5,0.0,6.02,0.7466666666666667,6.028333333333333
2014-06-11,1.99,2812.06,20.0,0.0,15.445,1.7583333333333335,11.229999999999999
2014-06-12,2.0,2812.07,11.0,0.0,16.395000000000003,2.161666666666667,5.991666666666667
2014-06-13,2.0,2812.1,27.0,0.0,14.685,6.096666666666667,4.1066666666666665
2014-06-14,2.0,2812.19,75.0,0.0,8.4825,4.953333333333334,2.7550000000000003
2014-06-15,2.01,2812.31,99.0,0.0,6.140000000000001,2.8016666666666663,2.78
2014-06-16,2.02,2812.41,83.0,0.0,6.63,0.8366666666666668,1.2049999999999998
2014-06-17,2.0300000000000002,2812.545,111.0,0.0,28.0625,8.193333333333333,8.301666666666668
2014-06-18,2.04,2812.68,139.0,0.0,9.600000000000001,8.125000000000002,13.903333333333334
2014-06-19,2.06,2813.03,284.0,0.0,48.040000000000006,28.546666666666667,39.653333333333336
2014-06-20,2.13,2813.96,750.0,0.0,77.21,26.615,71.89999999999999
2014-06-21,2.27,2815.59,1693.0,0.0,50.9725,25.801666666666666,29.735
2014-06-22,2.47,2817.78,2293.0,0.0,48.660000000000004,25.40166666666667,24.03333333333333
2014-06-23,2.63,2819.58,1885.0,0.0,18.427500000000002,6.233333333333333,3.436666666666667
2014-06-24,2.715,2820.4849999999997,1373.0,0.0,5.904999999999999,5.625,0.22333333333333336
2014-06-25,2.8,2821.39,861.0,0.0,6.79,2.61,0.1433333333333333
2014-06-26,2.85,2822.03,673.0,0.0,3.6799999999999997,0.7916666666666666,0.006666666666666667
2014-06-27,2.9,2822.5,505.0,0.0,0.0,0.0,0.0
2014-06-28,2.93,2822.83,356.0,0.0,0.15,0.0,0.06333333333333334
2014-06-29,2.95,2823.08,271.0,0.0,0.89,0.3183333333333333,2.776666666666667
2014-06-30,2.99,2823.56,512.0,0.0,13.610000000000001,8.09,1.2783333333333333
2014-07-01,3.0250000000000004,2824.075,410.5,0.0,11.932500000000001,2.046666666666667,9.198333333333332
2014-07-02,3.06,2824.59,309.0,0.0,24.165,6.131666666666667,9.355
2014-07-03,3.1,2825.28,414.0,0.0,2.3425000000000002,1.3816666666666666,0.06666666666666667
2014-07-04,3.12,2825.76,289.0,0.0,0.9225,1.3916666666666668,0.01
2014-07-05,3.14,2826.17,251.0,0.0,3.67,5.151666666666666,1.4066666666666665
2014-07-06,3.16,2826.55,233.0,0.0,15.575,0.725,5.421666666666667
2014-07-07,3.18,2826.91,221.0,0.0,13.645,0.75,0.40166666666666667
2014-07-08,3.205,2827.415,282.0,0.0,10.1575,5.273333333333333,2.513333333333333
2014-07-09,3.23,2827.92,343.0,0.0,6.975,2.2883333333333336,1.8716666666666668
2014-07-10,3.27,2828.74,489.0,0.0,32.292500000000004,18.553333333333335,8.448333333333332
2014-07-11,3.34,2830.04,771.0,0.0,34.8925,35.635,28.30333333333333
2014-07-12,3.43,2831.8,1043.0,0.0,25.7025,25.36,16.498333333333335
2014-07-13,3.62,2834.71,2156.0,0.0,105.5775,71.67666666666666,58.606666666666676
2014-07-14,4.34,2841.66,8359.0,0.0,84.2275,32.26166666666667,49.629999999999995
2014-07-15,5.215,2846.225,10301.0,916.5,64.9475,41.40333333333333,63.85666666666666
2014-07-16,6.09,2850.79,12243.0,1833.0,45.315,38.285000000000004,35.47666666666667
2014-07-17,6.5,2852.61,9191.0,4500.0,26.3225,26.7,26.423333333333336
2014-07-18,7.17,2855.07,5689.0,4500.0,15.085,10.520000000000001,21.875
2014-07-19,6.72,2853.59,3541.0,2200.0,60.3175,37.56666666666667,57.245
2014-07-20,7.2,2855.15,10064.0,4500.0,47.7375,33.080000000000005,35.29666666666666
2014-07-21,7.36,2855.62,7344.0,5500.0,32.095,30.091666666666672,21.628333333333334
2014-07-22,7.485,2855.995,7377.5,3025.0,63.322500000000005,47.60666666666666,36.403333333333336
2014-07-23,7.61,2856.37,7411.0,550.0,39.0925,43.285,32.80833333333334
2014-07-24,7.77,2856.83,17825.0,600.0,70.74000000000001,52.415,45.906666666666666
2014-07-25,7.43,2855.84,7175.0,500.0,32.4375,23.171666666666667,17.225
2014-07-26,7.27,2855.36,4372.0,200.0,27.43,25.031666666666666,7.691666666666667
2014-07-27,7.49,2856.02,8841.0,400.0,38.644999999999996,23.013333333333332,6.261666666666667
2014-07-28,7.61,2856.38,14939.0,200.0,28.7175,37.91166666666667,7.588333333333334
2014-07-29,7.615,2856.395,11473.5,1850.0,13.66,25.516666666666662,6.756666666666668
2014-07-30,7.62,2856.41,8008.0,3500.0,15.330000000000002,9.368333333333332,15.503333333333332
2014-07-31,7.82,2857.0,6215.0,3900.0,68.75999999999999,25.526666666666667,50.47833333333333
2014-08-01,8.06,2857.71,9973.0,7189.0,105.13,45.88499999999999,62.150000000000006
2014-08-02,7.57,2856.24,10896.0,16653.0,56.779999999999994,41.050000000000004,25.89166666666667
2014-08-03,7.35,2855.6,9623.0,12128.0,52.535,26.703333333333333,19.498333333333335
2014-08-04,7.51,2856.06,12083.0,10280.0,44.41,23.91333333333333,13.570000000000002
2014-08-05,7.455,2855.91,12973.0,13519.5,84.30250000000001,30.78,36.050000000000004
2014-08-06,7.4,2855.76,13863.0,16759.0,90.115,47.06166666666666,41.645
2014-08-07,7.63,2856.44,12244.0,9582.0,73.16749999999999,38.685,38.65666666666667
2014-08-08,7.63,2856.42,9580.0,9657.0,20.6525,10.415000000000001,9.973333333333334
2014-08-09,7.08,2854.8,3389.0,9732.0,32.82,7.503333333333334,12.520000000000001
2014-08-10,7.22,2855.21,4608.0,3000.0,18.5675,5.66,8.065
2014-08-11,7.64,2856.45,6209.0,1350.0,16.2225,7.298333333333335,2.138333333333333
2014-08-12,7.74,2856.745,5405.5,2975.0,34.6825,9.483333333333333,31.33
2014-08-13,7.84,2857.04,4602.0,4600.0,7.9399999999999995,2.408333333333333,2.255
2014-08-14,7.7,2856.63,3098.0,4700.0,10.4425,3.721666666666667,6.416666666666667
2014-08-15,7.57,2856.26,2755.0,4200.0,13.79,1.2916666666666667,1.1033333333333333
2014-08-16,7.54,2856.15,2373.0,2800.0,2.8049999999999997,0.20833333333333334,0.12333333333333334
2014-08-17,7.61,2856.38,2738.0,1817.0,1.815,0.041666666666666664,0.0
2014-08-18,7.67,2856.56,2412.0,1700.0,4.15,0.13333333333333333,0.775
2014-08-19,7.705,2856.66,2255.5,1700.0,10.4,5.368333333333333,24.641666666666666
2014-08-20,7.74,2856.76,2099.0,1700.0,12.695,7.903333333333332,2.4183333333333334
2014-08-21,7.71,2856.68,1545.0,1758.0,11.075000000000001,2.991666666666667,0.43500000000000005
2014-08-22,7.69,2856.6,1494.0,1800.0,17.994999999999997,6.171666666666667,0.5650000000000001
2014-08-23,7.66,2856.52,1494.0,1800.0,30.015,11.276666666666669,6.5249999999999995
2014-08-24,7.61,2856.38,1128.0,1669.0,6.049999999999999,0.5216666666666666,5.301666666666667
2014-08-25,7.55,2856.19,939.0,1675.0,7.175000000000001,3.9249999999999994,3.376666666666667
2014-08-26,7.47,2855.955,783.5,1700.0,7.574999999999999,1.5733333333333333,2.6183333333333336
2014-08-27,7.39,2855.72,628.0,1725.0,0.465,1.1833333333333333,5.663333333333333
2014-08-28,7.33,2855.54,958.0,1725.0,11.5275,14.25,6.825
2014-08-29,7.37,2855.67,2237.0,1725.0,22.15,13.003333333333332,7.105
2014-08-30,7.51,2856.07,3295.0,1725.0,28.4775,20.465,22.81
2014-08-31,8.08,2857.75,1927.0,2451.0,68.625,36.46166666666667,30.33666666666667
2014-09-01,8.01,2857.55,6841.0,7623.0,48.2075,24.918333333333333,31.18166666666666
2014-09-02,7.97,2857.44,6133.5,7448.5,50.1275,21.75,45.635
2014-09-03,7.93,2857.33,5426.0,7274.0,14.1375,2.455,12.241666666666667
2014-09-04,7.93,2857.33,4562.0,4558.0,51.86,22.78,12.75
2014-09-05,8.07,2857.72,5229.0,3663.0,17.53,9.003333333333332,16.111666666666668
2014-09-06,8.1,2857.81,4603.0,3775.0,15.125,11.628333333333332,5.416666666666667
2014-09-07,8.15,2857.98,5136.0,4453.0,49.8725,32.055,20.225
2014-09-08,8.11,2857.86,7221.0,7684.0,6.42,5.761666666666667,1.45
2014-09-09,8.125,2857.9049999999997,5506.5,5557.5,18.4225,4.771666666666667,7.920000000000001
2014-09-10,8.14,2857.95,3792.0,3431.0,7.795,7.685,4.21
2014-09-11,8.16,2857.99,3083.0,2921.0,12.9625,3.5749999999999997,11.46
2014-09-12,8.21,2858.13,2935.0,2379.0,1.7325,5.488333333333333,1.0833333333333335
2014-09-13,8.16,2858.0,2597.0,3098.0,12.165,0.21666666666666665,0.12833333333333333
2014-09-14,8.23,2858.19,2604.0,1852.0,14.004999999999999,2.056666666666667,3.9683333333333324
2014-09-15,8.2,2858.12,3006.0,3271.0,27.615000000000002,5.824999999999999,8.801666666666666
2014-09-16,8.184999999999999,2858.0699999999997,2722.5,2969.0,12.055,3.6966666666666668,0.945
2014-09-17,8.17,2858.02,2439.0,2667.0,12.39,2.3716666666666666,5.016666666666667
2014-09-18,8.16,2858.0,1951.0,2021.0,0.285,0.2233333333333333,0.7783333333333333
2014-09-19,8.2,2858.1,2164.0,1764.0,8.835,1.1216666666666668,2.396666666666667
2014-09-20,8.22,2858.17,2037.0,1752.0,8.440000000000001,3.2616666666666667,3.2550000000000003
2014-09-21,8.22,2858.17,1777.0,1766.0,5.4025,0.745,1.2416666666666667
2014-09-22,8.22,2858.18,1550.0,1500.0,1.8175000000000003,1.18,0.051666666666666666
2014-09-23,8.2,2858.115,1687.5,1835.5,35.63,15.061666666666667,62.59
2014-09-24,8.18,2858.05,1825.0,2171.0,7.465,14.768333333333333,28.09
2014-09-25,8.19,2858.08,1895.0,1767.0,1.2875,17.168333333333333,2.395
2014-09-26,8.17,2858.03,1403.0,1589.0,5.262499999999999,12.241666666666667,1.2633333333333332
2014-09-27,8.22,2858.17,1502.0,978.0,9.692499999999999,6.364999999999999,7.401666666666666
2014-09-28,8.22,2858.16,1067.0,1017.0,0.935,3.9266666666666663,0.045000000000000005
2014-09-29,8.21,2858.15,1155.0,1204.0,4.704999999999999,26.341666666666665,9.133333333333333
2014-09-30,8.16,2858.005,896.5,1327.0,14.72,1.9466666666666665,6.298333333333333
2014-10-01,8.11,2857.86,638.0,1450.0,3.8175,1.2066666666666666,0.165
2014-10-02,8.26,2858.29,1695.0,0.0,2.7274999999999996,0.08333333333333333,0.25833333333333336
2014-10-03,8.26,2858.3,958.0,908.0,0.79,0.29833333333333334,0.0
2014-10-04,8.17,2858.03,353.0,1400.0,4.5075,4.2683333333333335,3.0483333333333333
2014-10-05,8.17,2858.75,353.0,1400.0,2.5125,1.9283333333333335,4.09
2014-10-06,8.0,2857.53,578.0,1788.0,17.5625,5.415,46.165
2014-10-07,7.915,2857.275,486.0,1594.0,18.7225,4.496666666666667,1.9383333333333332
2014-10-08,7.83,2857.02,394.0,1400.0,1.9175,3.6533333333333338,3.761666666666667
2014-10-09,7.72,2856.69,120.0,1400.0,0.55,1.2233333333333332,14.19
2014-10-10,7.62,2856.4,169.0,1292.0,1.2449999999999999,2.615,9.953333333333333
2014-10-11,7.58,2856.27,611.0,1108.0,11.3075,10.12,3.1033333333333335
2014-10-12,7.62,2856.4,1521.0,1000.0,6.787500000000001,4.873333333333334,0.6116666666666667
2014-10-13,7.61,2856.36,831.0,975.0,1.675,0.61,3.9233333333333333
2014-10-14,7.52,2856.0950000000003,501.5,1253.0,0.0,0.0,0.0
2014-10-15,7.43,2855.83,172.0,1531.0,0.0775,0.0,0.0016666666666666668
2014-10-16,7.29,2855.41,11.0,1644.0,6.265,1.04,3.06
2014-10-17,7.16,2855.03,124.0,1600.0,0.22,0.085,0.030000000000000002
2014-10-18,7.02,2854.63,46.0,1600.0,17.197499999999998,3.396666666666667,4.383333333333334
2014-10-19,6.88,2854.22,57.0,1650.0,6.7075000000000005,2.0383333333333336,1.075
2014-10-20,6.77,2853.82,187.0,1500.0,4.2325,7.993333333333332,1.64
2014-10-21,6.67,2853.365,265.0,1559.5,6.449999999999999,5.3549999999999995,0.8166666666666668
2014-10-22,6.57,2852.91,343.0,1619.0,0.4875,0.7366666666666665,0.46833333333333343
2014-10-23,6.45,2852.38,271.0,1625.0,0.0,0.13166666666666668,0.0
2014-10-24,6.33,2851.87,323.0,1625.0,3.5524999999999998,10.701666666666668,1.9783333333333335
2014-10-25,6.24,2851.44,409.0,1505.0,15.497499999999999,1.7250000000000003,4.7316666666666665
2014-10-26,6.16,2851.07,621.0,1562.0,7.6175,14.290000000000001,13.631666666666666
2014-10-27,6.05,2850.59,325.0,1550.0,0.41000000000000003,0.15,0.705
2014-10-28,5.57,2850.125,363.0,1550.0,6.255,4.673333333333334,9.776666666666666
2014-10-29,5.09,2849.66,401.0,1550.0,4.8425,1.9166666666666667,5.4750000000000005
2014-10-30,4.97,2849.11,143.0,1550.0,0.075,0.03333333333333333,0.016666666666666666
2014-10-31,4.83,2848.5,40.0,1600.0,0.0,0.043333333333333335,0.08666666666666667
2015-06-01,1.47,2804.5,100.0,0.0,6.335,21.65166666666667,0.0
2015-06-02,1.47,2804.56,59.0,0.0,0.98,0.2633333333333333,0.16166666666666665
2015-06-03,1.48,2804.64,77.0,0.0,14.565,3.3633333333333333,31.87666666666667
2015-06-04,1.49,2804.75,101.0,0.0,12.190000000000001,4.523333333333333,6.3450000000000015
2015-06-05,1.5,2804.88,115.0,0.0,35.7575,18.628333333333334,16.176666666666666
2015-06-06,1.51,2805.1,188.0,0.0,2.5774999999999997,10.909999999999998,1.3499999999999999
2015-06-07,1.52,2805.24,124.0,0.0,0.0,1.6366666666666667,0.011666666666666667
2015-06-08,1.53,2805.33,84.0,0.0,3.88,1.1316666666666666,7.501666666666668
2015-06-09,1.53,2805.4,70.0,0.0,4.7025,0.575,2.4983333333333335
2015-06-10,1.54,2805.505,94.0,0.0,12.925,6.828333333333334,5.401666666666667
2015-06-11,1.55,2805.61,118.0,0.0,0.0925,0.0,0.0
2015-06-12,1.56,2805.73,110.0,0.0,9.6675,0.7983333333333333,0.9283333333333333
2015-06-13,1.56,2805.86,119.0,0.0,12.049999999999999,4.073333333333333,2.9800000000000004
2015-06-14,1.58,2806.03,151.0,0.0,17.685000000000002,10.626666666666665,11.520000000000001
2015-06-15,1.6,2806.31,236.0,0.0,6.3675,1.1616666666666668,6.766666666666667
2015-06-16,1.62,2806.65,285.0,0.0,14.2325,12.964999999999998,5.8566666666666665
2015-06-17,1.6400000000000001,2806.955,332.0,0.0,15.7975,8.19,8.481666666666667
2015-06-18,1.66,2807.26,379.0,0.0,14.09,9.926666666666668,12.87
2015-06-19,1.7,2807.83,464.0,0.0,32.339999999999996,24.998333333333335,17.653333333333332
2015-06-20,1.9,2810.77,2362.0,0.0,97.285,82.91999999999999,70.41333333333334
2015-06-21,2.11,2813.76,2399.0,0.0,95.9175,71.12666666666667,74.21833333333335
2015-06-22,2.34,2816.35,2654.0,0.0,100.4325,61.06666666666666,105.13833333333332
2015-06-23,2.56,2818.79,2556.0,0.0,75.6375,41.89333333333334,108.35166666666667
2015-06-24,2.7800000000000002,2821.2200000000003,2446.5,0.0,92.3675,35.24333333333333,83.28166666666667
2015-06-25,3.0,2823.65,2337.0,0.0,78.2925,31.241666666666664,62.46
2015-06-26,3.16,2826.44,1811.0,0.0,122.035,97.98666666666668,84.455
2015-06-27,3.49,2833.04,3905.0,0.0,79.83500000000001,21.811666666666667,61.29833333333334
2015-06-28,3.65,2835.04,1809.0,0.0,14.372499999999999,2.8000000000000003,2.64
2015-06-29,3.76,2836.08,1292.0,0.0,7.16,4.028333333333333,0.3583333333333334
2015-06-30,3.86,2837.06,1184.0,0.0,14.705,3.5916666666666663,5.338333333333334
2015-07-01,3.9299999999999997,2837.7200000000003,951.0,0.0,1.6099999999999999,1.3150000000000002,0.10166666666666668
2015-07-02,4.0,2838.38,718.0,0.0,6.15,1.7883333333333333,0.2733333333333333
2015-07-03,4.06,2838.95,670.0,0.0,6.1375,3.2983333333333333,4.935
2015-07-04,4.11,2839.5,694.0,0.0,11.447500000000002,1.7433333333333334,2.93
2015-07-05,4.17,2840.06,682.0,0.0,13.4925,1.096666666666667,0.8533333333333334
2015-07-06,4.23,2840.6,658.0,0.0,5.8575,1.2683333333333333,0.33
2015-07-07,4.28,2841.1,610.0,0.0,1.4175,1.5850000000000002,0.1516666666666667
2015-07-08,4.365,2841.89,888.0,0.0,9.9225,29.235,0.7983333333333333
2015-07-09,4.45,2842.68,1166.0,0.0,42.9925,14.478333333333333,9.051666666666668
2015-07-10,4.6,2844.08,1805.0,0.0,20.9625,10.568333333333333,3.448333333333333
2015-07-11,5.05,2846.12,5262.0,0.0,42.3575,15.736666666666666,3.785
2015-07-12,5.5,2848.11,5133.0,0.0,24.58,14.613333333333335,2.7633333333333336
2015-07-13,5.84,2849.66,4000.0,0.0,10.0325,1.4433333333333334,3.4849999999999994
2015-07-14,6.09,2850.77,2867.0,0.0,6.682499999999999,1.375,0.2933333333333334
2015-07-15,6.29,2851.66,2648.0,0.0,23.9375,4.691666666666667,6.243333333333332
2015-07-16,6.49,2852.55,2429.0,0.0,9.370000000000001,4.8566666666666665,3.4933333333333327
2015-07-17,6.72,2853.58,2661.0,0.0,27.76,17.97,3.6983333333333337
2015-07-18,7.33,2855.53,7082.0,0.0,67.6725,30.253333333333334,28.486666666666665
2015-07-19,7.83,2857.01,10253.0,4453.0,41.707499999999996,27.99333333333333,14.76
2015-07-20,7.71,2856.67,9253.0,10581.0,62.28,34.800000000000004,24.06833333333334
2015-07-21,7.54,2856.16,5281.0,7275.0,35.5625,15.280000000000001,4.548333333333333
2015-07-22,7.654999999999999,2856.505,4790.5,5687.5,14.4675,8.883333333333333,3.355
2015-07-23,7.77,2856.85,4300.0,4100.0,26.185000000000002,6.503333333333333,14.951666666666666
2015-07-24,7.73,2856.73,2684.0,3150.0,16.1375,6.403333333333333,12.108333333333334
2015-07-25,7.78,2856.87,1167.0,2760.0,9.482500000000002,2.223333333333333,4.408333333333333
2015-07-26,7.89,2857.21,2486.0,1150.0,14.84,11.698333333333332,8.908333333333331
2015-07-27,7.95,2857.37,2234.0,1600.0,19.4475,8.001666666666665,5.01
2015-07-28,7.99,2857.48,2338.0,1900.0,19.38,10.920000000000002,5.153333333333333
2015-07-29,7.93,2857.315,1750.0,1702.0,1.4224999999999999,1.3266666666666664,0.16333333333333333
2015-07-30,7.87,2857.15,1162.0,1504.0,0.0325,0.006666666666666667,0.006666666666666667
2015-07-31,7.87,2857.13,998.0,1066.0,5.852499999999999,2.061666666666667,0.48166666666666663
2015-08-01,7.92,2857.28,1618.0,1020.0,4.555,1.9866666666666666,3.2083333333333335
2015-08-02,7.94,2857.33,1652.0,1442.0,10.142499999999998,8.458333333333332,1.23
2015-08-03,7.92,2857.27,1276.0,1500.0,7.654999999999999,0.7699999999999999,0.053333333333333344
2015-08-04,7.95,2857.38,1942.0,1500.0,30.25,9.604999999999999,5.091666666666666
2015-08-05,7.984999999999999,2857.48,2192.5,1575.0,24.9375,7.759999999999999,6.465000000000001
2015-08-06,8.02,2857.58,2443.0,1650.0,41.455,20.971666666666668,11.503333333333332
2015-08-07,8.25,2858.26,4369.0,1700.0,33.925,29.453333333333333,7.97
2015-08-08,8.5,2859.0,5813.0,2908.0,27.615000000000002,22.011666666666667,6.128333333333333
2015-08-09,8.32,2858.48,3392.0,5400.0,22.415,6.971666666666667,3.133333333333333
2015-08-10,8.17,2858.03,2497.0,4254.0,25.9,11.768333333333333,11.905000000000001
2015-08-11,8.18,2858.04,2745.0,2700.0,25.645,10.348333333333334,6.033333333333332
2015-08-12,8.27,2858.315,4043.5,3586.5,21.585,14.211666666666666,7.628333333333333
2015-08-13,8.36,2858.59,5342.0,4473.0,34.29,18.45,8.049999999999999
2015-08-14,8.13,2857.91,3448.0,4200.0,15.65,15.015,2.228333333333333
2015-08-15,8.19,2858.08,5663.0,5050.0,11.8625,2.405,1.2916666666666667
2015-08-16,8.22,2858.16,4586.0,4443.0,20.825000000000003,1.905,9.230000000000002
2015-08-17,8.21,2858.14,3229.0,3650.0,5.0,1.1083333333333334,1.2983333333333331
2015-08-18,8.13,2857.91,2542.0,3278.0,4.2475,13.643333333333336,13.63833333333333
2015-08-19,8.045,2857.66,2547.5,3261.5,13.34,19.948333333333334,4.913333333333333
2015-08-20,7.96,2857.41,2553.0,3245.0,0.46499999999999997,3.166666666666666,0.11166666666666668
2015-08-21,7.88,2857.16,2075.0,3050.0,1.8225000000000002,2.3249999999999997,0.19333333333333336
2015-08-22,7.76,2856.81,1287.0,3090.0,9.295,15.589999999999998,10.836666666666666
2015-08-23,7.62,2856.41,1200.0,3167.0,16.0425,16.546666666666667,9.613333333333333
2015-08-24,7.45,2855.91,1382.0,3240.0,13.175,1.5833333333333333,7.43
2015-08-25,7.22,2855.22,750.0,3025.0,7.99,1.42,2.486666666666667
2015-08-26,7.105,2854.885,776.0,2535.5,4.535,0.81,1.325
2015-08-27,6.99,2854.55,802.0,2046.0,12.277500000000002,4.603333333333333,0.6599999999999999
2015-08-28,6.93,2854.37,2100.0,2795.0,9.4475,3.9683333333333337,3.2416666666666667
2015-08-29,6.81,2854.0,612.0,2051.0,0.195,0.17166666666666666,0.013333333333333334
2015-08-30,6.77,2853.82,2250.0,2700.0,3.0425000000000004,1.5716666666666665,1.9766666666666666
2015-08-31,6.71,2853.57,2125.0,2756.0,1.7225,1.5433333333333332,1.4733333333333334
2015-09-01,6.67,2853.4,2476.0,2900.0,1.88,0.16166666666666668,0.6216666666666667
2015-09-02,6.615,2853.135,2216.0,2807.5,0.335,0.2683333333333333,0.9783333333333334
2015-09-03,6.56,2852.87,1956.0,2715.0,0.4475,0.0,7.141666666666666
2015-09-04,6.45,2852.38,951.0,2176.0,5.1275,0.6033333333333334,0.06166666666666667
2015-09-05,6.35,2851.95,1197.0,2292.0,2.895,2.223333333333333,0.04666666666666667
2015-09-06,6.27,2851.57,1455.0,2421.0,22.894999999999996,12.090000000000002,21.786666666666665
2015-09-07,6.23,2851.42,2639.0,3013.0,8.5925,10.011666666666665,8.885
2015-09-08,6.28,2851.62,2217.0,2700.0,74.21000000000001,27.373333333333335,26.685
2015-09-09,6.26,2851.5299999999997,2719.5,2300.0,2.5974999999999997,1.8366666666666667,5.818333333333334
2015-09-10,6.24,2851.44,3222.0,1900.0,4.585,2.918333333333333,5.21
2015-09-11,6.17,2851.14,1194.0,1997.0,7.24,8.278333333333334,9.653333333333334
2015-09-12,6.12,2850.89,1066.0,1733.0,1.3625000000000003,0.45,1.8949999999999998
2015-09-13,6.05,2850.6,916.0,1653.0,0.8175,0.06166666666666667,1.6816666666666669
2015-09-14,5.97,2850.22,1052.0,2021.0,2.5250000000000004,0.7849999999999998,0.8216666666666667
2015-09-15,5.87,2849.79,802.0,1900.0,1.055,1.82,1.21
2015-09-16,5.805,2849.505,920.5,1800.0,23.97,9.555,7.591666666666666
2015-09-17,5.74,2849.22,1039.0,1700.0,10.4,2.7099999999999995,3.3433333333333337
2015-09-18,5.74,2849.22,1039.0,1700.0,0.11499999999999999,0.12500000000000003,0.11333333333333333
2015-09-19,5.6,2848.55,885.0,1700.0,13.072500000000002,5.11,4.1066666666666665
2015-09-20,5.51,2848.18,2494.0,3447.0,5.9225,1.2149999999999999,10.930000000000001
2015-09-21,5.35,2847.44,686.0,2593.0,3.6675000000000004,2.966666666666667,3.301666666666667
2015-09-22,5.17,2846.64,384.0,2439.0,0.3675,0.47,0.305
2015-09-23,4.965,2845.71,570.0,2558.5,0.015,0.09833333333333333,0.04666666666666666
2015-09-24,4.76,2844.78,756.0,2678.0,4.3825,1.6633333333333333,2.098333333333333
2015-09-25,4.56,2843.81,537.0,3569.0,13.202499999999999,11.821666666666667,26.511666666666667
2015-09-26,4.43,2842.56,3505.0,4997.0,2.2874999999999996,1.7283333333333333,0.08166666666666667
2015-09-27,4.28,2841.08,1400.0,3950.0,2.1574999999999998,0.365,0.13166666666666668
2015-09-28,4.13,2839.62,1500.0,3900.0,28.8175,26.041666666666668,19.896666666666665
2015-09-29,4.03,2838.67,1114.0,2247.0,17.5275,2.611666666666667,18.121666666666666
2015-09-30,3.93,2837.69,925.5,2064.5,23.7725,23.888333333333332,12.905000000000001
2015-10-01,3.83,2836.71,737.0,1882.0,21.15,2.1616666666666666,4.585
2015-10-02,3.76,2836.13,1080.0,1760.0,5.655,8.190000000000001,6.878333333333333
2015-10-03,3.73,2835.78,1538.0,1950.0,1.56,1.803333333333333,5.391666666666667
2015-10-04,3.69,2835.37,1676.0,2150.0,9.3,3.5416666666666665,10.848333333333334
2015-10-05,3.66,2835.09,1887.0,2210.0,21.697499999999998,14.908333333333331,3.231666666666667
2015-10-06,3.65,2835.04,1995.0,2045.0,15.745000000000001,6.400000000000001,30.355
2015-10-07,3.63,2834.8599999999997,1881.0,2091.5,9.065000000000001,2.5849999999999995,7.203333333333333
2015-10-08,3.61,2834.68,1767.0,2138.0,8.4675,1.3866666666666667,11.566666666666668
2015-10-09,3.55,2834.08,1312.0,2026.0,20.305,5.655,11.328333333333333
2015-10-10,3.52,2833.61,1574.0,1890.0,5.495,1.9666666666666668,4.371666666666667
2015-10-11,3.5,2833.17,1663.0,1913.0,4.0649999999999995,2.436666666666666,2.1616666666666666
2015-10-12,3.48,2832.79,1710.0,1925.0,6.4350000000000005,8.616666666666667,2.19
2015-10-13,3.47,2832.49,1773.0,1940.0,4.6850000000000005,0.25999999999999995,0.6433333333333332
2015-10-14,3.435,2831.87,1646.5,1910.0,2.72,0.47333333333333333,0.011666666666666665
2015-10-15,3.4,2831.25,1520.0,1880.0,0.0975,0.0,0.03
2015-10-16,3.37,2830.58,1514.0,1879.0,0.0,0.0,0.03
2015-10-17,3.33,2829.77,1371.0,1840.0,0.0975,0.07833333333333334,2.62
2015-10-18,3.29,2829.08,1466.0,1864.0,0.10500000000000001,0.5366666666666666,0.0016666666666666668
2015-10-19,3.25,2828.35,1434.0,1856.0,0.005,0.05333333333333334,0.0
2015-10-20,3.21,2827.54,1231.0,1700.0,0.0975,0.008333333333333333,0.0
2015-10-21,3.17,2826.76,1241.0,1700.0,4.8325000000000005,0.38999999999999996,0.0
2015-10-22,3.13,2825.98,1251.0,1700.0,0.8099999999999999,1.03,0.0
2015-10-23,3.09,2825.17,1233.0,1700.0,0.10500000000000001,0.0,0.056666666666666664
2015-10-24,3.05,2824.38,1245.0,1700.0,0.0325,0.021666666666666667,0.04
2015-10-25,2.98,2823.46,923.0,1700.0,0.04,0.016666666666666666,0.0
2015-10-26,2.9,2822.5,707.0,1700.0,0.0975,0.0,0.0
2015-10-27,2.8,2821.43,492.0,1600.0,0.0,0.0,0.0
2015-10-28,2.695,2820.255,450.0,1600.0,9.8925,0.09833333333333334,10.714999999999998
2015-10-29,2.59,2819.08,408.0,1600.0,19.9225,24.831666666666663,3.733333333333333
2015-10-30,2.5,2818.12,606.0,1600.0,12.7025,2.8066666666666666,0.8149999999999998
2015-10-31,2.4,2817.05,494.0,1600.0,11.4925,0.695,12.899999999999999
2016-06-01,1.05,2796.13,98.0,0.0,3.3899999999999997,2.0233333333333334,0.0
2016-06-02,1.06,2796.42,179.0,0.0,2.3225000000000002,1.5666666666666667,8.845
2016-06-03,1.065,2796.505,116.0,0.0,5.867500000000001,9.648333333333335,7.378333333333334
2016-06-04,1.07,2796.59,53.0,0.0,1.3499999999999999,1.8399999999999999,0.40166666666666667
2016-06-05,1.07,2796.6,20.0,0.0,2.8025,1.5283333333333333,1.8183333333333334
2016-06-06,1.07,2796.63,31.0,0.0,8.252500000000001,8.126666666666667,6.276666666666667
2016-06-07,1.08,2796.79,106.0,0.0,2.02,0.5183333333333333,5.596666666666667
2016-06-08,1.08,2796.79,163.0,0.0,4.6975,5.148333333333333,4.416666666666667
2016-06-09,1.1,2797.25,125.0,0.0,45.495000000000005,28.483333333333334,34.083333333333336
2016-06-10,1.125,2797.74,199.5,0.0,36.8875,11.238333333333335,20.70333333333333
2016-06-11,1.15,2798.23,274.0,0.0,24.080000000000002,14.17,20.683333333333337
2016-06-12,1.19,2798.98,441.0,0.0,6.655,6.058333333333334,3.3733333333333335
2016-06-13,1.21,2799.41,258.0,0.0,21.977500000000003,6.77,12.015
2016-06-14,1.24,2800.07,390.0,0.0,14.377500000000001,8.771666666666668,10.663333333333334
2016-06-15,1.27,2800.63,334.0,0.0,5.075,0.9583333333333334,2.8716666666666666
2016-06-16,1.29,2800.95,193.0,0.0,3.7575000000000003,2.728333333333333,2.525
2016-06-17,1.3250000000000002,2801.74,459.5,0.0,21.549999999999997,3.5416666666666665,6.010000000000001
2016-06-18,1.36,2802.53,726.0,0.0,11.71,1.8999999999999997,0.39833333333333326
2016-06-19,1.43,2803.78,723.0,0.0,32.765,5.989999999999999,9.103333333333333
2016-06-20,1.49,2804.83,800.0,0.0,13.15,2.0900000000000003,2.9683333333333333
2016-06-21,1.54,2805.55,586.0,0.0,11.8175,4.083333333333333,6.006666666666668
2016-06-22,1.61,2806.46,739.0,0.0,12.555,6.056666666666666,3.5450000000000004
2016-06-23,1.68,2807.53,867.0,0.0,43.1875,11.051666666666668,17.926666666666666
2016-06-24,1.8399999999999999,2809.83,1103.0,0.0,20.2875,11.761666666666665,4.7683333333333335
2016-06-25,2.0,2812.13,1339.0,0.0,21.339999999999996,5.453333333333333,10.625
2016-06-26,2.11,2813.73,1291.0,0.0,13.345,8.665,4.725
2016-06-27,2.24,2815.22,1503.0,0.0,52.5925,36.69166666666667,35.931666666666665
2016-06-28,2.56,2818.79,3742.0,0.0,56.4875,36.14833333333333,30.865000000000006
2016-06-29,3.06,2824.54,6018.0,0.0,167.38,109.12166666666667,108.945
2016-06-30,3.42,2831.6,4177.0,0.0,79.16749999999999,75.22833333333334,38.556666666666665
2016-07-01,3.82,2836.06,4423.0,0.0,50.942499999999995,50.06166666666667,27.50833333333333
2016-07-02,4.22,2840.52,4669.0,0.0,27.25,28.916666666666668,25.18166666666667
2016-07-03,4.41,2842.35,2206.0,0.0,26.66,23.89,16.021666666666665
2016-07-04,4.66,2844.34,2399.0,0.0,39.662499999999994,27.02,13.988333333333332
2016-07-05,5.25,2847.0,6860.0,0.0,55.8575,19.188333333333333,39.68666666666667
2016-07-06,5.67,2848.88,4851.0,0.0,19.027500000000003,14.041666666666666,11.021666666666667
2016-07-07,6.06,2850.65,4568.0,0.0,34.2625,21.968333333333334,17.766666666666666
2016-07-08,6.369999999999999,2852.0299999999997,4761.5,812.0,8.397499999999999,11.968333333333334,6.836666666666666
2016-07-09,6.68,2853.41,4955.0,1624.0,15.6375,13.651666666666666,7.866666666666666
2016-07-10,7.04,2854.68,4693.0,1500.0,61.769999999999996,40.35833333333333,31.286666666666665
2016-07-11,7.92,2857.27,15223.0,5072.0,62.205000000000005,56.83166666666667,26.588333333333335
2016-07-12,7.97,2857.43,5070.0,4435.0,23.4825,23.405,11.011666666666665
2016-07-13,8.07,2857.74,5851.0,4635.0,26.132499999999997,20.813333333333336,20.521666666666665
2016-07-14,7.85,2857.08,843.0,3420.0,8.8925,10.393333333333333,11.551666666666668
2016-07-15,7.95,2857.37,2230.5,2810.0,25.14,5.484999999999999,9.451666666666666
2016-07-16,8.05,2857.66,3618.0,2200.0,14.83,4.545000000000001,9.545
2016-07-17,8.11,2857.86,3142.0,2350.0,13.682500000000001,3.516666666666667,9.681666666666667
2016-07-18,8.17,2858.01,3513.0,2917.0,7.7875,1.0533333333333335,6.949999999999999
2016-07-19,8.13,2857.9,2577.0,3000.0,16.1375,1.495,7.783333333333332
2016-07-20,8.09,2857.79,2556.0,2979.0,7.5925,2.1333333333333333,1.9849999999999997
2016-07-21,8.16,2857.99,3542.0,2750.0,25.314999999999998,11.261666666666668,6.841666666666668
2016-07-22,8.16,2857.9849999999997,4255.0,4403.5,29.4225,19.221666666666664,20.39166666666667
2016-07-23,8.16,2857.98,4968.0,6057.0,18.54,7.771666666666667,7.566666666666666
2016-07-24,8.23,2858.21,5656.0,4747.0,22.9925,3.921666666666667,4.108333333333333
2016-07-25,8.24,2858.24,4873.0,4747.0,5.095,2.5883333333333334,11.615
2016-07-26,8.18,2858.04,3980.0,4747.0,0.3025,0.0033333333333333335,2.44
2016-07-27,8.14,2857.93,3176.0,3604.0,5.82,0.065,11.82
2016-07-28,8.13,2857.9,2558.0,2667.0,11.4025,7.32,8.318333333333333
2016-07-29,8.105,2857.83,2289.0,2583.5,15.825,30.523333333333337,3.31
2016-07-30,8.08,2857.76,2020.0,2500.0,6.807499999999999,3.2100000000000004,1.9316666666666666
2016-07-31,8.06,2857.71,2312.0,2500.0,27.200000000000003,12.875,10.988333333333335
2016-08-01,8.04,2857.64,2234.0,2500.0,7.102500000000001,10.646666666666667,6.8616666666666655
2016-08-02,8.03,2857.62,2430.0,2500.0,9.15,20.385,9.15
2016-08-03,8.03,2857.6,2429.0,2500.0,27.072499999999998,20.616666666666667,18.944999999999997
2016-08-04,8.1,2857.82,3070.0,2200.0,17.517500000000002,18.585,13.316666666666668
2016-08-05,8.09,2857.79,3590.5,4170.0,36.47,27.74,14.421666666666667
2016-08-06,8.08,2857.76,4111.0,6140.0,19.564999999999998,20.294999999999998,11.083333333333334
2016-08-07,8.1,2857.81,2904.0,2700.0,26.65,20.24,10.181666666666667
2016-08-08,8.16,2857.98,4606.0,3940.0,17.5525,15.885,4.3999999999999995
2016-08-09,8.1,2857.83,3885.0,4465.0,16.365,10.491666666666667,4.45
2016-08-10,7.91,2857.26,2975.0,5200.0,24.9975,18.28333333333333,7.003333333333334
2016-08-11,8.05,2857.66,5597.0,4023.0,7.01,5.0249999999999995,1.6466666666666667
2016-08-12,8.100000000000001,2857.805,5479.5,4316.5,18.315,6.053333333333334,2.1616666666666666
2016-08-13,8.15,2857.95,5362.0,4610.0,14.7425,14.846666666666666,3.116666666666667
2016-08-14,8.07,2857.73,4690.0,5544.0,11.5,8.021666666666667,3.69
2016-08-15,8.08,2857.75,5152.0,5544.0,19.39,8.491666666666667,6.308333333333334
2016-08-16,8.21,2858.13,7643.0,6148.0,35.0575,21.49333333333333,6.63
2016-08-17,8.05,2857.68,7275.0,9016.0,22.2825,18.666666666666668,3.8200000000000003
2016-08-18,7.88,2857.16,7003.0,9031.0,52.9725,14.530000000000001,8.643333333333333
2016-08-19,7.895,2857.205,6314.5,7324.5,30.812499999999996,6.6049999999999995,3.576666666666666
2016-08-20,7.91,2857.25,5626.0,5618.0,5.7725,1.19,3.5116666666666667
2016-08-21,7.94,2857.34,4760.0,4400.0,0.6325000000000001,0.8433333333333333,0.7766666666666667
2016-08-22,7.85,2857.09,3429.0,4400.0,14.0725,4.175,3.4666666666666663
2016-08-23,7.77,2856.85,1772.0,2704.0,10.094999999999999,2.645,3.8216666666666668
2016-08-24,7.85,2857.08,3037.0,2129.0,24.5625,9.193333333333333,5.3
2016-08-25,7.85,2857.07,3039.0,3070.0,7.08,3.4316666666666666,1.825
2016-08-26,7.765,2856.83,2351.5,2935.0,11.265,1.2883333333333333,2.7816666666666663
2016-08-27,7.68,2856.59,1664.0,2800.0,9.5525,7.303333333333335,3.2483333333333335
2016-08-28,7.58,2856.29,1441.0,2608.0,13.604999999999999,5.308333333333334,9.813333333333334
2016-08-29,7.5,2856.03,1542.0,2591.0,10.3925,2.5666666666666664,2.0566666666666666
2016-08-30,7.4,2855.75,1097.0,2500.0,9.665,2.1716666666666664,6.5633333333333335
2016-08-31,7.32,2855.52,1611.0,2500.0,10.1625,1.33,2.4133333333333336
2016-09-01,7.24,2855.28,1571.0,2500.0,7.02,1.5666666666666667,5.876666666666666
2016-09-02,7.115,2854.905,1120.5,2500.0,3.4575000000000005,0.5466666666666667,9.588333333333333
2016-09-03,6.99,2854.53,670.0,2500.0,4.28,2.686666666666667,2.766666666666667
2016-09-04,6.98,2854.51,797.0,2275.0,2.4225,2.4483333333333337,2.815
2016-09-05,6.77,2853.82,921.0,1962.0,0.4975,1.5716666666666665,0.5366666666666667
2016-09-06,6.75,2853.73,1681.0,1900.0,0.5025000000000001,3.328333333333333,0.7400000000000001
2016-09-07,6.7,2853.52,2069.0,2598.0,10.5025,4.21,2.8683333333333336
2016-09-08,6.47,2852.5,1286.0,3900.0,1.92,2.276666666666667,2.295
2016-09-09,6.234999999999999,2851.435,1273.0,3900.0,2.135,0.024999999999999998,0.7116666666666666
2016-09-10,6.0,2850.37,1260.0,3900.0,1.52,0.25333333333333335,0.6433333333333333
2016-09-11,5.76,2849.3,1157.0,3900.0,0.7575000000000001,0.024999999999999998,0.5516666666666666
2016-09-12,5.51,2848.15,951.0,3900.0,1.63,0.61,0.24500000000000002
2016-09-13,5.21,2846.83,513.0,3900.0,2.2975,0.9483333333333333,0.3266666666666667
2016-09-14,4.93,2845.58,694.0,3900.0,15.475,3.185,3.8433333333333337
2016-09-15,4.67,2844.38,822.0,3900.0,10.8,12.229999999999999,2.123333333333333
2016-09-16,4.585,2843.8050000000003,2029.0,3900.0,13.64,10.473333333333334,11.986666666666666
2016-09-17,4.5,2843.23,3236.0,3900.0,8.239999999999998,8.476666666666667,5.555
2016-09-18,4.45,2842.71,1784.0,2400.0,1.355,2.8616666666666664,0.22
2016-09-19,4.38,2842.02,1480.0,2400.0,6.37,5.04,0.7000000000000001
2016-09-20,4.3,2841.32,1570.0,2400.0,5.2725,1.0083333333333335,1.6866666666666665
2016-09-21,4.3,2841.24,1330.0,1415.0,7.6275,2.0733333333333337,1.0283333333333333
2016-09-22,4.36,2841.82,1185.0,500.0,8.6625,3.1933333333333334,1.5233333333333334
2016-09-23,4.470000000000001,2842.9,1440.0,250.0,16.6125,2.6633333333333336,1.72
2016-09-24,4.58,2843.98,1695.0,0.0,32.6275,17.44333333333333,10.344999999999999
2016-09-25,5.13,2846.44,6317.0,0.0,16.165,9.836666666666666,4.008333333333333
2016-09-26,5.55,2848.34,4902.0,0.0,13.61,8.701666666666666,1.835
2016-09-27,5.94,2850.12,4593.0,0.0,13.3,2.03,1.5983333333333334
2016-09-28,6.24,2851.45,3434.0,0.0,2.8499999999999996,0.4833333333333334,0.03333333333333333
2016-09-29,6.48,2852.52,2765.0,0.0,4.47,1.1233333333333333,0.4633333333333333
2016-09-30,6.675000000000001,2853.3450000000003,2836.5,0.0,3.1275,3.3333333333333335,0.035
2016-10-01,6.87,2854.17,2908.0,0.0,1.82,0.21166666666666667,2.7916666666666665
2016-10-02,7.08,2854.79,2438.0,0.0,0.11000000000000001,0.01,0.12666666666666668
2016-10-03,7.27,2855.35,2203.0,0.0,0.0275,0.0033333333333333335,0.1366666666666667
2016-10-04,7.1,2854.85,345.0,2292.0,0.5,0.2333333333333333,0.045000000000000005
2016-10-05,6.44,2852.35,930.0,5500.0,0.17,0.0,0.16
2016-10-06,5.87,2849.77,1155.0,5500.0,0.09,0.0,0.6549999999999999
2016-10-07,5.45,2847.885,701.5,5500.0,0.115,0.04,0.04
2016-10-08,5.03,2846.0,248.0,5500.0,1.15,0.18833333333333332,0.06333333333333334
2016-10-09,4.56,2843.83,134.0,5500.0,3.0825000000000005,0.7183333333333334,1.865
2016-10-10,4.32,2841.52,125.0,5500.0,1.0875,0.6416666666666667,0.32166666666666666
2016-10-11,4.25,2840.8,261.0,1670.0,0.8275,0.20000000000000004,0.13333333333333333
2016-10-12,4.25,2840.77,350.0,562.0,2.1350000000000002,0.32333333333333336,0.5233333333333332
2016-10-13,4.29,2841.16,369.0,0.0,4.7575,3.453333333333333,1.4533333333333334
2016-10-14,4.335,2841.62,375.5,0.0,8.72,2.686666666666667,6.946666666666666
2016-10-15,4.38,2842.08,382.0,0.0,27.729999999999997,4.411666666666666,1.3050000000000002
2016-10-16,4.42,2842.48,470.0,0.0,0.11250000000000002,0.013333333333333334,0.041666666666666664
2016-10-17,4.46,2842.78,361.0,0.0,0.0,0.021666666666666667,0.021666666666666667
2016-10-18,4.48,2843.06,337.0,0.0,0.03,0.01,0.0
2016-10-19,4.51,2843.31,301.0,0.0,0.19,0.005,0.0
2016-10-20,4.54,2843.56,301.0,0.0,0.037500000000000006,0.0033333333333333335,0.0
2016-10-21,4.555,2843.7200000000003,210.5,0.0,0.1125,0.12,0.01333333333333333
2016-10-22,4.57,2843.88,120.0,0.0,0.31000000000000005,0.043333333333333335,0.041666666666666664
2016-10-23,4.58,2843.96,100.0,0.0,0.0,0.0,0.0
2016-10-24,4.62,2844.16,471.89,0.0,0.3925,0.0,0.0033333333333333335
2016-10-25,4.47,2842.96,175.0,2000.0,0.1825,0.05333333333333334,0.0033333333333333335
2016-10-26,4.36,2841.83,650.0,2000.0,0.005,0.02,0.04
2016-10-27,4.24,2840.69,640.0,2000.0,0.0975,0.021666666666666667,0.02
2016-10-28,4.0600000000000005,2838.965,545.0,2500.0,0.0,0.0,0.0
2016-10-29,3.88,2837.24,450.0,3000.0,0.025,0.09999999999999999,0.03333333333333333
2016-10-30,3.58,2834.32,450.0,6500.0,0.16,0.7466666666666667,1.3466666666666667
2016-10-31,3.42,2831.54,350.0,5000.0,0.0,0.0,0.04
2017-06-01,1.65,2807.05,115.0,11.0,3.9800000000000004,1.0666666666666667,0.0
2017-06-02,1.65,2807.13,65.0,11.0,9.2275,0.5133333333333333,3.1
2017-06-03,1.66,2807.17,45.0,11.0,12.3575,1.7449999999999999,8.606666666666667
2017-06-04,1.66,2807.23,50.0,11.0,12.4675,3.9450000000000003,6.771666666666667
2017-06-05,1.66,2807.28,40.0,11.0,20.3075,0.7200000000000001,13.674999999999999
2017-06-06,1.67,2807.32,40.0,11.0,3.205,1.5983333333333334,1.78
2017-06-07,1.67,2807.36,40.0,11.0,17.835,12.19,10.538333333333332
2017-06-08,1.68,2807.54,140.0,11.0,2.8874999999999997,0.9183333333333334,1.2000000000000002
2017-06-09,1.69,2807.64,80.0,11.0,6.37,2.2683333333333335,0.9783333333333332
2017-06-10,1.705,2807.855,212.5,11.0,12.97,7.989999999999999,2.1533333333333338
2017-06-11,1.72,2808.07,345.0,11.0,39.040000000000006,25.21166666666667,23.206666666666667
2017-06-12,1.84,2809.76,1352.0,11.0,52.0975,23.495,35.873333333333335
2017-06-13,1.9,2810.77,808.0,11.0,14.91,9.648333333333333,28.448333333333334
2017-06-14,1.96,2811.62,680.0,11.0,27.2675,21.546666666666667,20.961666666666662
2017-06-15,2.03,2812.55,744.0,11.0,3.7749999999999995,0.5733333333333333,4.685
2017-06-16,2.13,2813.95,1112.0,11.0,10.2675,4.983333333333333,2.813333333333334
2017-06-17,2.1399999999999997,2814.105,646.5,11.0,15.049999999999999,3.8900000000000006,8.963333333333333
2017-06-18,2.15,2814.26,181.0,11.0,6.7825,5.036666666666666,0.975
2017-06-19,2.16,2814.4,150.0,11.0,10.665,2.0866666666666664,12.464999999999998
2017-06-20,2.17,2814.46,105.0,11.0,2.1225,0.7516666666666666,2.635
2017-06-21,2.18,2814.6,146.0,11.0,15.125,11.935,9.235
2017-06-22,2.21,2814.95,365.0,11.0,8.6325,3.5850000000000004,1.9066666666666665
2017-06-23,2.21,2814.95,365.0,11.0,3.51,6.005,4.248333333333334
2017-06-24,2.275,2815.62,522.5,11.0,11.822499999999998,5.401666666666666,5.605
2017-06-25,2.34,2816.29,680.0,11.0,33.3,18.115,19.638333333333332
2017-06-26,2.42,2817.23,980.0,11.0,66.64,35.11333333333334,39.98
2017-06-27,2.6,2819.26,2123.0,11.0,60.544999999999995,37.03666666666667,47.788333333333334
2017-06-28,2.73,2820.6,1401.0,11.0,35.715,9.435,50.16833333333333
2017-06-29,2.81,2821.5,941.0,11.0,23.3625,8.786666666666667,27.403333333333332
2017-06-30,2.87,2822.21,742.0,11.0,22.9325,14.146666666666667,15.719999999999999
2017-07-01,2.935,2823.3050000000003,846.5,11.0,26.68,15.053333333333333,8.673333333333334
2017-07-02,3.0,2824.4,951.0,11.0,24.534999999999997,3.483333333333333,11.801666666666668
2017-07-03,3.0,2825.2,467.0,11.0,27.195,7.421666666666667,16.098333333333333
2017-07-04,3.0,2826.0,248.0,11.0,21.457500000000003,5.29,6.0616666666666665
2017-07-05,3.0,2826.8,447.0,11.0,11.415000000000001,16.665,4.358333333333333
2017-07-06,3.0,2827.9,680.0,11.0,23.5225,12.75,7.468333333333333
2017-07-07,3.0,2829.8,1122.0,11.0,20.3325,17.138333333333332,10.58
2017-07-08,3.23,2831.035,839.0,11.0,10.580000000000002,3.768333333333333,3.8733333333333335
2017-07-09,3.46,2832.27,556.0,11.0,5.5575,0.4366666666666667,1.83
2017-07-10,3.49,2832.92,384.0,11.0,6.66,0.25499999999999995,6.156666666666666
2017-07-11,3.52,2833.48,325.0,11.0,8.9575,2.6183333333333336,5.59
2017-07-12,3.54,2834.01,313.0,11.0,6.275,11.808333333333332,2.8383333333333334
2017-07-13,3.61,2834.62,756.0,11.0,8.1625,6.193333333333334,1.0416666666666667
2017-07-14,3.72,2835.68,1276.0,11.0,31.6025,13.01,16.405
2017-07-15,3.835,2836.81,1354.0,11.0,15.627500000000001,8.803333333333333,8.168333333333331
2017-07-16,3.95,2837.94,1432.0,11.0,21.9325,14.056666666666667,6.471666666666667
2017-07-17,4.08,2839.12,1348.0,11.0,17.57,20.02,15.756666666666668
2017-07-18,4.19,2840.18,1274.0,11.0,34.225,29.653333333333336,24.551666666666666
2017-07-19,4.68,2844.45,5081.0,11.0,95.78999999999999,62.67666666666667,58.365
2017-07-20,5.86,2849.73,13596.0,11.0,139.7075,80.53,107.14
2017-07-21,6.56,2852.89,8137.0,11.0,20.000000000000004,16.683333333333334,14.816666666666668
2017-07-22,7.175,2854.8999999999996,7769.5,11.0,28.0725,27.588333333333328,11.549999999999999
2017-07-23,7.79,2856.91,7402.0,11.0,8.265,8.543333333333335,3.6149999999999998
2017-07-24,8.04,2857.65,2898.0,1272.0,11.22,9.183333333333334,4.206666666666666
2017-07-25,8.22,2858.16,1997.0,2050.0,11.102500000000001,13.219999999999999,2.776666666666667
2017-07-26,8.26,2858.28,4020.0,2300.0,5.465,3.6533333333333338,1.1900000000000002
2017-07-27,8.23,2858.21,3525.0,3850.0,8.12,10.766666666666667,4.510000000000001
2017-07-28,8.23,2858.19,3772.0,3850.0,28.0625,19.201666666666668,7.166666666666667
2017-07-29,8.265,2858.3,3881.0,4180.0,11.1625,5.683333333333333,3.6733333333333333
2017-07-30,8.3,2858.41,3990.0,4510.0,6.915,1.405,1.43
2017-07-31,8.2,2858.1,2610.0,3875.0,5.09,0.20999999999999996,1.0233333333333332
2017-08-01,8.22,2858.17,1836.0,1612.0,14.527500000000002,2.3766666666666665,0.23333333333333336
2017-08-02,8.22,2858.16,1460.0,1550.0,0.9825,0.9066666666666667,3.0666666666666664
2017-08-03,8.17,2858.02,1650.0,2850.0,4.075,1.8733333333333333,1.755
2017-08-04,8.26,2858.28,4018.0,3050.0,53.1625,31.50166666666667,16.768333333333334
2017-08-05,8.245000000000001,2858.245,5477.5,6616.0,53.527499999999996,23.223333333333333,14.823333333333332
2017-08-06,8.23,2858.21,6937.0,10182.0,29.052500000000002,18.111666666666668,13.138333333333334
2017-08-07,8.35,2858.56,6862.0,5591.0,17.835,3.48,7.346666666666667
2017-08-08,8.37,2858.61,5395.0,5250.0,11.8775,1.4100000000000001,2.9149999999999996
2017-08-09,8.26,2858.28,3907.0,5250.0,4.567500000000001,0.38666666666666666,0.4266666666666666
2017-08-10,8.1,2857.81,3360.0,5250.0,2.8775,5.623333333333334,3.2016666666666667
2017-08-11,7.9,2857.23,1529.0,3800.0,0.0025,0.04833333333333333,0.12000000000000001
2017-08-12,7.805,2856.94,1587.0,3525.0,36.5575,19.535,17.208333333333332
2017-08-13,7.71,2856.65,1645.0,3250.0,0.0475,0.4366666666666667,0.08333333333333333
2017-08-14,7.51,2856.06,940.0,3250.0,0.2975,0.09666666666666668,2.39
2017-08-15,7.3,2855.46,350.0,2700.0,1.1975,0.0,0.61
2017-08-16,7.23,2855.25,850.0,1500.0,12.487499999999999,4.1433333333333335,5.329999999999999
2017-08-17,7.18,2855.11,370.0,1600.0,13.657499999999999,0.7216666666666667,6.949999999999999
2017-08-18,7.199999999999999,2855.17,1480.0,1625.0,17.7075,17.638333333333332,7.965
2017-08-19,7.22,2855.23,2590.0,1650.0,47.61,34.37666666666667,26.101666666666663
2017-08-20,7.74,2856.74,7525.0,1600.0,38.582499999999996,26.808333333333326,13.333333333333334
2017-08-21,8.2,2858.1,9600.0,3500.0,52.415,45.34,28.576666666666664
2017-08-22,8.11,2857.86,5460.0,6400.0,29.967499999999998,23.38166666666667,39.42166666666667
2017-08-23,7.94,2857.35,3615.0,5610.0,6.99,8.856666666666667,4.998333333333333
2017-08-24,7.98,2857.45,2891.0,2500.0,9.22,10.098333333333333,13.041666666666666
2017-08-25,8.15,2857.95,3958.0,2000.0,33.705,29.213333333333335,16.735000000000003
2017-08-26,8.23,2858.2,5101.5,3750.0,7.8875,8.856666666666667,8.448333333333332
2017-08-27,8.31,2858.45,6245.0,5500.0,49.61,29.638333333333335,21.47333333333333
2017-08-28,8.3,2858.41,7845.0,8000.0,54.235,25.099999999999998,34.50333333333333
2017-08-29,8.22,2858.18,9760.0,11660.0,84.36250000000001,57.99333333333334,67.28166666666667
2017-08-30,7.88,2857.16,8071.0,13066.0,36.955,26.3,29.35833333333333
2017-08-31,8.08,2857.75,7746.0,5436.0,3.4099999999999997,3.438333333333333,6.436666666666667
2017-09-01,8.19,2858.07,5053.0,3800.0,5.977499999999999,0.5950000000000001,0.9033333333333334
2017-09-02,8.135,2857.92,3915.5,3800.0,1.2875,1.88,0.6983333333333333
2017-09-03,8.08,2857.77,2778.0,3800.0,1.3,0.5800000000000001,0.7283333333333334
2017-09-04,7.98,2857.46,2450.0,3800.0,0.395,0.22,2.095
2017-09-05,7.84,2857.06,2234.0,3800.0,7.1275,2.6200000000000006,16.87
2017-09-06,7.89,2857.21,2387.0,1600.0,13.52,15.170000000000002,22.56833333333333
2017-09-07,7.81,2856.95,1221.0,2200.0,2.8125,2.3216666666666668,0.17833333333333334
2017-09-08,7.86,2857.1,2038.0,1600.0,23.7925,23.128333333333334,7.386666666666667
2017-09-09,7.87,2857.13,1995.0,1550.0,14.4375,11.875,10.866666666666667
2017-09-10,7.88,2857.16,1952.0,1500.0,9.93,18.12,5.93
2017-09-11,7.92,2857.27,1430.0,1500.0,7.62,1.3933333333333333,7.301666666666667
2017-09-12,7.92,2857.27,1500.0,1500.0,1.21,0.6416666666666666,1.4133333333333333
2017-09-13,7.87,2857.14,891.0,1400.0,2.0275000000000003,0.02,0.06333333333333334
2017-09-14,7.84,2857.04,1009.0,1400.0,10.915,3.1300000000000003,4.633333333333334
2017-09-15,7.78,2856.87,735.0,1400.0,8.465,7.750000000000001,10.645
2017-09-16,7.745,2856.765,1130.0,1400.0,13.420000000000002,1.9599999999999997,7.281666666666666
2017-09-17,7.71,2856.66,1525.0,1400.0,46.012499999999996,25.959999999999997,44.27
2017-09-18,7.89,2857.21,3595.0,1400.0,50.8975,20.23166666666667,62.33500000000001
2017-09-19,8.05,2857.67,3201.0,1400.0,74.6275,44.373333333333335,46.701666666666675
2017-09-20,8.33,2858.49,5915.0,2700.0,33.0275,20.313333333333333,25.176666666666666
2017-09-21,8.19,2858.09,3134.0,4700.0,6.44,4.108333333333333,7.420000000000001
2017-09-22,8.18,2858.04,2349.0,2544.0,3.6375,2.751666666666667,3.3966666666666665
2017-09-23,8.19,2858.0699999999997,1928.0,1497.0,0.1675,0.1516666666666667,0.8483333333333333
2017-09-24,8.2,2858.1,1507.0,450.0,0.0975,0.0,0.0
2017-09-25,8.26,2858.28,1905.0,1200.0,5.215,19.493333333333336,8.17
2017-09-26,8.17,2858.03,1511.0,2700.0,12.075000000000001,2.66,3.9616666666666664
2017-09-27,8.06,2857.71,1447.0,2700.0,27.230000000000004,7.368333333333333,9.050000000000002
2017-09-28,8.07,2857.74,1117.0,1000.0,12.5775,12.273333333333333,2.956666666666667
2017-09-29,8.0,2857.52,339.0,1000.0,12.91,4.265,8.196666666666667
2017-09-30,8.01,2857.5550000000003,935.0,600.0,3.1075,0.49,2.4266666666666663
2017-10-01,8.02,2857.59,1531.0,200.0,5.175000000000001,0.6816666666666666,10.831666666666665
2017-10-02,8.15,2857.95,2260.0,850.0,17.47,23.908333333333335,9.821666666666667
2017-10-03,8.05,2857.68,751.0,1808.0,2.215,2.215,0.6783333333333332
2017-10-04,8.06,2857.69,2040.0,1100.0,4.0525,0.8700000000000001,3.061666666666667
2017-10-05,8.05,2857.66,175.0,1100.0,1.0450000000000002,0.9866666666666667,1.0
2017-10-06,8.04,2857.64,813.0,891.0,3.2624999999999997,1.3500000000000003,5.623333333333334
2017-10-07,8.024999999999999,2857.6,624.5,820.5,7.010000000000001,7.615000000000001,3.6466666666666665
2017-10-08,8.01,2857.56,436.0,750.0,0.7600000000000001,0.14666666666666664,0.115
2017-10-09,7.98,2857.45,320.0,750.0,2.67,0.22,1.8399999999999999
2017-10-10,8.03,2857.62,467.0,218.0,0.12000000000000001,0.22833333333333336,0.10333333333333333
2017-10-11,8.12,2857.89,957.0,100.0,5.0,2.183333333333333,9.826666666666666
2017-10-12,8.21,2858.15,818.0,200.0,2.2925,1.5916666666666668,0.31833333333333336
2017-10-13,8.26,2858.3,1162.0,575.0,2.4,9.020000000000001,1.633333333333333
2017-10-14,8.2,2858.12,789.0,887.5,16.4525,8.816666666666666,4.885
2017-10-15,8.14,2857.94,416.0,1200.0,16.4525,9.246666666666666,3.5649999999999995
2017-10-16,8.09,2857.78,474.0,1100.0,2.1950000000000003,0.8283333333333333,0.155
2017-10-17,8.03,2857.62,374.0,1000.0,0.725,0.535,0.31166666666666665
2017-10-18,8.03,2857.62,374.0,1000.0,2.6775,0.22,6.0
2017-10-19,8.07,2857.74,624.0,350.0,0.54,1.825,0.22166666666666668
2017-10-20,8.07,2857.73,540.0,400.0,1.2725,0.13,0.11
2017-10-21,8.06,2857.705,410.0,250.0,0.3375,0.018333333333333333,0.023333333333333334
2017-10-22,8.05,2857.68,280.0,100.0,0.11000000000000001,0.09999999999999999,0.36999999999999994
2017-10-23,8.1,2857.82,380.0,160.0,0.0975,0.049999999999999996,0.10166666666666667
2017-10-24,8.09,2857.79,377.0,260.0,0.0875,0.18166666666666667,0.0
2017-10-25,8.0,2857.53,218.0,800.0,0.10750000000000001,0.58,0.0
2017-10-26,7.77,2856.85,228.0,2400.0,6.41,4.76,1.4283333333333335
2017-10-27,7.53,2856.12,459.0,2400.0,5.09,2.0516666666666663,2.3833333333333333
2017-10-28,7.245,2855.29,783.0,2350.0,11.077499999999999,1.2316666666666667,3.3366666666666673
2017-10-29,6.96,2854.46,1107.0,2300.0,0.02,0.028333333333333332,0.18833333333333335
2017-10-30,6.73,2853.63,163.0,2300.0,0.0,0.0,0.02666666666666667
2017-10-31,6.52,2852.72,140.0,2400.0,0.0,0.0,0.0
2018-06-01,0.58,2783.68,419.0,80.0,0.1375,3.168333333333333,0.0
2018-06-02,0.59,2784.23,250.0,30.0,0.0175,6.236666666666667,0.36833333333333335
2018-06-03,0.615,2784.855,260.5,30.0,5.3925,5.56,0.6866666666666666
2018-06-04,0.64,2785.48,271.0,30.0,6.095000000000001,8.358333333333333,1.24
2018-06-05,0.67,2786.34,392.0,30.0,10.897499999999999,3.4883333333333333,15.105000000000002
2018-06-06,0.69,2786.96,244.0,30.0,4.3549999999999995,3.2100000000000004,2.475
2018-06-07,0.71,2787.46,245.0,30.0,8.1325,2.8366666666666664,10.835
2018-06-08,0.73,2788.18,295.0,30.0,91.6925,37.580000000000005,57.48999999999999
2018-06-09,0.88,2792.18,1647.0,30.0,56.8725,48.71333333333333,44.27833333333333
2018-06-10,1.21,2799.44,3968.0,30.0,112.92750000000001,56.698333333333345,71.96333333333332
2018-06-11,1.725,2807.36,5614.0,30.0,113.0025,73.39,86.585
2018-06-12,2.24,2815.28,7260.0,30.0,79.7875,83.36,93.62333333333333
2018-06-13,2.68,2820.12,5063.0,30.0,118.60499999999999,26.861666666666668,140.68499999999997
2018-06-14,2.99,2823.58,3663.0,30.0,135.6075,39.87833333333333,73.36166666666666
2018-06-15,3.19,2827.08,2145.0,30.0,1.4675,2.145,5.273333333333333
2018-06-16,3.27,2828.65,914.0,30.0,34.6275,5.683333333333334,30.265
2018-06-17,3.32,2829.6,932.0,30.0,8.3025,2.533333333333333,7.958333333333333
2018-06-18,3.37,2830.55,950.0,30.0,15.837499999999999,10.638333333333334,22.95333333333333
2018-06-19,3.42,2831.5,968.0,30.0,15.745,5.781666666666666,14.323333333333332
2018-06-20,3.47,2832.51,637.0,30.0,39.4225,11.963333333333333,29.995
2018-06-21,3.52,2833.46,581.0,30.0,25.325,6.9383333333333335,15.07
2018-06-22,3.6,2834.58,578.0,30.0,7.734999999999999,3.811666666666667,13.145000000000001
2018-06-23,3.7,2835.51,1161.0,30.0,12.009999999999998,3.973333333333333,7.455000000000001
2018-06-24,3.81,2836.54,1279.0,30.0,10.705000000000002,6.3183333333333325,1.6916666666666667
2018-06-25,3.91,2837.5,1196.0,30.0,16.1275,10.755,8.780000000000001
2018-06-26,4.01,2838.5,1245.0,30.0,16.045,14.401666666666666,8.198333333333334
2018-06-27,4.16,2839.98,1824.0,30.0,66.1575,22.47666666666667,31.186666666666664
2018-06-28,4.45,2842.68,3292.0,30.0,93.4925,42.45166666666667,49.82999999999999
2018-06-29,4.92,2845.5,5485.0,30.0,22.165,8.571666666666667,14.725
2018-06-30,5.25,2847.02,3964.0,30.0,4.725,1.05,1.195
2018-07-01,5.455,2847.925,3019.5,30.0,8.955,2.6733333333333333,9.441666666666665
2018-07-02,5.66,2848.83,2075.0,30.0,3.4299999999999997,1.1166666666666667,2.188333333333333
2018-07-03,5.82,2849.58,1973.0,30.0,9.34,2.2533333333333334,1.718333333333333
2018-07-04,5.98,2850.27,1818.0,30.0,9.3625,5.0200000000000005,6.16
2018-07-05,6.13,2850.93,1742.0,30.0,2.8449999999999998,3.1316666666666664,1.2933333333333332
2018-07-06,6.25,2851.5,1509.0,30.0,3.7225,3.6683333333333334,2.328333333333333
2018-07-07,6.47,2852.49,2591.0,30.0,121.8475,67.80499999999999,96.68666666666667
2018-07-08,7.234999999999999,2854.96,7133.0,4482.0,104.99000000000001,29.23,62.93333333333334
2018-07-09,8.0,2857.43,11675.0,8934.0,87.47,43.86833333333334,43.903333333333336
2018-07-10,8.0,2856.79,12168.0,13856.0,93.795,63.17666666666667,54.26333333333334
2018-07-11,8.0,2857.45,14973.0,12388.0,92.0275,69.34666666666668,57.001666666666665
2018-07-12,8.0,2856.64,15162.0,18784.0,79.53,70.17666666666666,52.56166666666667
2018-07-13,8.0,2857.12,15285.0,12661.0,84.7,55.035000000000004,47.48166666666666
2018-07-14,8.0,2856.67,13324.0,15085.0,84.08999999999999,59.596666666666664,51.19499999999999
2018-07-15,7.845000000000001,2856.635,13176.5,14935.0,75.5525,51.64833333333333,48.90166666666667
2018-07-16,7.69,2856.6,13029.0,14785.0,76.67750000000001,56.88166666666666,44.653333333333336
2018-07-17,7.53,2856.12,19543.0,21873.0,91.4325,44.20166666666666,61.92833333333334
2018-07-18,7.62,2856.41,16275.0,15140.0,38.51,32.50666666666666,22.471666666666664
2018-07-19,8.09,2857.78,14465.0,9100.0,46.574999999999996,19.474999999999998,18.698333333333334
2018-07-20,7.65,2856.5,7305.0,13318.0,59.6625,34.19166666666667,24.77
2018-07-21,7.83,2857.01,10969.0,9050.0,46.4825,31.366666666666664,33.041666666666664
2018-07-22,7.765000000000001,2856.825,10228.0,10776.0,56.4925,36.48666666666667,24.388333333333335
2018-07-23,7.7,2856.64,9487.0,12502.0,42.015,31.903333333333336,18.891666666666666
2018-07-24,7.66,2856.52,12086.0,12520.0,57.1975,26.91,23.573333333333334
2018-07-25,7.94,2857.35,17387.0,14137.0,53.5425,28.39,30.888333333333335
2018-07-26,7.55,2856.18,11242.0,15725.0,33.87,17.861666666666668,16.958333333333332
2018-07-27,7.59,2856.31,10775.0,10231.0,9.165000000000001,7.851666666666667,14.515
2018-07-28,7.53,2856.13,7330.0,8000.0,10.27,6.723333333333334,12.531666666666666
2018-07-29,7.7,2856.635,6334.0,5709.0,8.4225,4.716666666666668,6.585000000000001
2018-07-30,7.87,2857.14,5338.0,3418.0,12.4925,1.7366666666666666,1.3383333333333336
2018-07-31,7.98,2857.46,4706.0,3418.0,17.5,6.175,10.198333333333332
2018-08-01,8.11,2857.85,4980.0,3418.0,6.305,8.391666666666666,10.793333333333331
2018-08-02,7.92,2857.29,3465.0,3605.0,14.145,9.17,12.573333333333332
2018-08-03,7.78,2856.88,2785.0,4190.0,16.715,8.175000000000002,3.698333333333334
2018-08-04,7.91,2857.26,5683.0,4160.0,17.765,6.116666666666667,3.91
2018-08-05,8.015,2857.575,5338.5,4213.5,11.235,4.166666666666667,3.2783333333333338
2018-08-06,8.12,2857.89,4994.0,4267.0,5.3925,6.523333333333333,6.185
2018-08-07,8.19,2858.09,5083.0,4267.0,20.174999999999997,20.685,16.189999999999998
2018-08-08,8.12,2857.89,6868.0,7586.0,96.64,32.733333333333334,76.44
2018-08-09,8.31,2858.43,15247.0,13099.0,90.065,68.65,52.223333333333336
2018-08-10,7.37,2855.67,10373.0,22183.0,27.740000000000002,15.90333333333333,9.75
2018-08-11,7.78,2856.88,13815.0,9075.0,51.637499999999996,17.12666666666667,7.7250000000000005
2018-08-12,7.82,2856.99,18971.0,14538.5,53.85000000000001,36.46666666666667,17.346666666666668
2018-08-13,7.86,2857.1,24127.0,20002.0,104.69,84.71333333333334,53.02333333333333
2018-08-14,7.79,2856.9,22967.0,23375.0,147.84,87.48166666666667,116.46166666666666
2018-08-15,7.67,2856.54,36179.0,37589.0,137.695,57.25,80.23333333333333
2018-08-16,7.7,2856.63,33901.0,33549.0,123.04750000000001,76.86,78.515
2018-08-17,7.1,2854.87,77900.0,78589.0,149.40499999999997,87.89833333333333,117.64833333333331
2018-08-18,6.61,2853.12,42603.0,47110.0,62.9925,33.20666666666667,29.51
2018-08-19,6.390000000000001,2852.12,32435.5,35289.5,57.655,36.71,32.345
2018-08-20,6.17,2851.12,22268.0,23469.0,32.6825,17.95,7.266666666666667
2018-08-21,6.68,2853.41,14904.0,8972.0,25.54,20.936666666666667,14.391666666666666
2018-08-22,7.74,2856.76,15622.0,3300.0,20.1575,13.125,7.476666666666667
2018-08-23,7.6,2856.34,8855.0,10506.0,15.487499999999999,7.75,8.675
2018-08-24,8.02,2857.58,10104.0,5285.0,10.987499999999999,6.053333333333332,2.723333333333333
2018-08-25,7.22,2855.22,1313.0,10556.0,3.9800000000000004,1.9183333333333332,0.8166666666666668
2018-08-26,7.26,2855.34,3692.0,7178.0,4.047499999999999,1.4000000000000001,0.6716666666666667
2018-08-27,7.3,2855.46,6071.0,3800.0,11.532499999999999,9.976666666666667,5.533333333333334
2018-08-28,7.47,2855.96,6391.0,4400.0,30.799999999999997,13.376666666666665,11.406666666666668
2018-08-29,7.61,2856.36,7199.0,5600.0,41.0275,20.045,16.78
2018-08-30,7.61,2856.36,6683.0,6650.0,15.1725,7.948333333333333,1.6300000000000001
2018-08-31,7.37,2855.67,4330.0,7000.0,26.25,8.803333333333335,12.283333333333333
2018-09-01,7.2,2855.17,4956.0,6450.0,4.365,4.616666666666666,4.468333333333333
2018-09-02,7.24,2855.275,4770.0,5204.0,0.45250000000000007,0.018333333333333333,3.6050000000000004
2018-09-03,7.28,2855.38,4584.0,3958.0,3.4974999999999996,0.9033333333333333,5.971666666666667
2018-09-04,7.2,2855.16,3609.0,4470.0,0.1,0.04833333333333333,0.6916666666666668
2018-09-05,7.13,2854.95,2378.0,3100.0,0.125,0.0,1.1983333333333335
2018-09-06,7.2,2855.17,2719.0,3175.0,0.0425,0.635,0.4666666666666666
2018-09-07,7.3,2855.44,2765.0,1675.0,2.105,3.3000000000000003,0.9283333333333333
2018-09-08,7.37,2855.65,2530.0,1675.0,3.0199999999999996,6.015,3.6733333333333333
2018-09-09,7.53,2856.125,2209.0,1437.5,1.815,1.0083333333333335,1.5
2018-09-10,7.69,2856.6,1888.0,1200.0,0.155,0.09499999999999999,0.875
2018-09-11,7.63,2856.42,2178.0,500.0,0.0,0.0,0.7949999999999999
2018-09-12,7.65,2856.5,1618.0,1350.0,5.119999999999999,3.3883333333333336,2.2283333333333335
2018-09-13,7.61,2856.38,1097.0,1600.0,0.64,0.51,0.7366666666666667
2018-09-14,7.54,2856.17,850.0,1638.0,0.0,0.11499999999999999,0.6883333333333334
2018-09-15,7.47,2855.94,750.0,1675.0,0.0,0.0,0.6666666666666666
2018-09-16,7.404999999999999,2855.75,855.0,1637.5,0.5075000000000001,0.0,1.9799999999999998
2018-09-17,7.34,2855.56,960.0,1600.0,1.9025,0.135,4.315
2018-09-18,7.27,2855.37,941.0,1650.0,2.8825000000000003,1.6683333333333337,6.961666666666666
2018-09-19,7.2,2855.17,925.0,675.0,0.045,0.0,1.6533333333333333
2018-09-20,7.12,2854.92,729.0,1675.0,0.0,0.0033333333333333335,0.6216666666666667
2018-09-21,7.07,2854.77,575.0,1675.0,1.6824999999999999,1.2,0.25166666666666665
2018-09-22,6.97,2854.49,579.0,1675.0,0.0,0.034999999999999996,0.3466666666666667
2018-09-23,6.869999999999999,2854.1549999999997,527.0,1700.0,0.505,0.0,0.34833333333333333
2018-09-24,6.77,2853.82,475.0,1725.0,5.0,5.631666666666667,23.128333333333334
2018-09-25,6.72,2853.59,866.0,1425.0,1.17,2.59,2.2083333333333335
2018-09-26,6.7,2853.5,1227.0,1425.0,21.790000000000003,46.75666666666667,25.543333333333326
2018-09-27,6.75,2853.73,1425.0,800.0,15.217500000000001,10.468333333333334,9.006666666666666
2018-09-28,6.82,2854.04,1258.0,460.0,5.1049999999999995,7.936666666666667,3.615
2018-09-29,6.82,2854.04,1590.0,500.0,19.4125,11.583333333333334,7.065
2018-09-30,6.905,2854.285,1245.0,550.0,2.475,4.363333333333333,2.8166666666666664
2018-10-01,6.99,2854.53,900.0,600.0,10.55,3.6233333333333335,3.5683333333333334
2018-10-02,6.97,2854.49,675.0,800.0,6.8075,2.4233333333333333,12.26333333333333
2018-10-03,6.91,2854.3,460.0,1075.0,2.6775,0.6983333333333333,0.07166666666666667
2018-10-04,6.84,2854.08,340.0,1150.0,10.965,2.9116666666666666,3.4416666666666664
2018-10-05,6.79,2853.92,519.0,1150.0,5.9,7.021666666666667,5.471666666666667
2018-10-06,6.76,2853.79,771.0,1075.0,12.6025,5.605,10.46
2018-10-07,6.73,2853.66,583.5,887.5,3.0100000000000002,0.27166666666666667,4.081666666666667
2018-10-08,6.7,2853.53,396.0,700.0,0.12,0.02,0.14500000000000002
2018-10-09,6.7,2853.52,695.0,700.0,26.142500000000005,13.454999999999998,19.148333333333333
2018-10-10,6.72,2853.59,880.0,700.0,20.315,16.793333333333333,5.635000000000001
2018-10-11,6.71,2853.55,625.0,700.0,0.22250000000000003,0.295,0.2933333333333334
2018-10-12,6.68,2853.43,421.0,700.0,0.965,0.23333333333333336,0.075
2018-10-13,6.63,2853.19,432.0,1000.0,0.8650000000000001,0.17,0.041666666666666664
2018-10-14,6.58,2852.98,423.5,1300.0,3.3850000000000002,0.7316666666666666,0.09333333333333334
2018-10-15,6.53,2852.77,415.0,1600.0,20.290000000000003,7.793333333333333,4.385000000000001
2018-10-16,6.45,2852.41,457.0,1600.0,1.7625,5.788333333333333,8.201666666666666
2018-10-17,6.37,2852.04,648.0,1600.0,18.275,24.69333333333333,18.283333333333335
2018-10-18,6.31,2851.76,875.0,1600.0,0.9475000000000001,1.415,0.5850000000000001
2018-10-19,6.23,2851.42,705.0,1550.0,6.785,2.78,4.0633333333333335
2018-10-20,6.17,2851.13,635.0,1350.0,12.8475,10.733333333333333,8.408333333333333
2018-10-21,6.08,2850.73,472.5,1375.0,4.609999999999999,0.6,5.9383333333333335
2018-10-22,5.99,2850.33,310.0,1400.0,0.0,0.03333333333333333,0.11833333333333333
2018-10-23,5.89,2849.89,247.0,1350.0,0.115,0.03166666666666667,0.07333333333333333
2018-10-24,5.8,2849.48,275.0,1300.0,0.0,0.0,0.041666666666666664
2018-10-25,5.7,2849.04,147.0,1250.0,0.0,0.0,0.0
2018-10-26,5.61,2848.6,147.0,1250.0,0.0,0.0,0.0
2018-10-27,5.5,2848.14,140.0,1250.0,0.0,0.03666666666666667,0.05666666666666667
2018-10-28,5.390000000000001,2847.64,136.0,1287.5,0.0,0.0,0.0
2018-10-29,5.28,2847.14,132.0,1325.0,0.0,0.0,0.016666666666666666
2018-10-30,5.145,2846.5249999999996,131.0,1425.0,0.0375,0.016666666666666666,0.06333333333333334
2018-10-31,5.01,2845.91,130.0,1525.0,0.0,0.0,0.0
