RCDATE,MADIKERI,SOMWARPET,VIRAJPET
2011-06-01,0.625,0.083333333333333,0
2011-06-02,14.25,5.16666666666667,17.3333333333333
2011-06-03,44.25,10.6666666666667,46.9166666666667
2011-06-04,40.25,14.5,33.6666666666667
2011-06-05,34.25,9.16666666666667,34.6666666666667
2011-06-06,30.75,8.75,39.5
2011-06-07,14.25,7.08333333333333,6.75
2011-06-08,37.875,8,23
2011-06-09,16.625,4.75,12.0833333333333
2011-06-10,34.5,9.08333333333333,31
2011-06-11,30.25,10.9166666666667,23.0833333333333
2011-06-12,6.375,5.08333333333333,2.5
2011-06-13,29.375,20.1666666666667,19.0833333333333
2011-06-14,34.5,19.3333333333333,18.9166666666667
2011-06-15,44.875,24.6666666666667,22.5
2011-06-16,10.375,6.66666666666667,10.9166666666667
2011-06-17,32.5,27.1666666666667,34.9166666666667
2011-06-18,105.375,31.4166666666667,52.25
2011-06-19,20.5,10.6666666666667,4.41666666666667
2011-06-20,3.25,0.916666666666667,1.5
2011-06-21,4.75,0.083333333333333,0
2011-06-22,0.375,1.16666666666667,0.083333333333333
2011-06-23,32.75,13,8.5
2011-06-24,31.125,8.41666666666667,2.75
2011-06-25,41.75,8.33333333333333,5.91666666666667
2011-06-26,65.125,38,41.1666666666667
2011-06-27,76.125,35.9166666666667,24.25
2011-06-28,76.875,17.3333333333333,24
2011-06-29,7.875,7.91666666666667,1.5
2011-06-30,6,2,1
2011-07-01,5.125,0.583333333333333,12.75
2011-07-02,34.125,16.25,16.75
2011-07-03,6.375,2.91666666666667,0.083333333333333
2011-07-04,3.475,5.16666666666667,4.25
2011-07-05,16.375,8.83333333333333,8.41666666666667
2011-07-06,27.35,11.1666666666667,28.3333333333333
2011-07-07,28.3,12.0833333333333,12.6666666666667
2011-07-08,19.875,5.33333333333333,7.58333333333333
2011-07-09,15.375,2.91666666666667,8
2011-07-10,3,1,3.16666666666667
2011-07-11,14.75,5.91666666666667,4.25
2011-07-12,6.375,5.08333333333333,2.5
2011-07-13,27.25,9,9.66666666666667
2011-07-14,28,12,15.1666666666667
2011-07-15,53.75,51.9166666666667,46
2011-07-16,39.125,24.25,23.5
2011-07-17,92.75,46.1666666666667,54
2011-07-18,49.125,27.6666666666667,31.75
2011-07-19,64.875,33.6666666666667,23.4166666666667
2011-07-20,27.125,16.75,21.5833333333333
2011-07-21,24.75,22.8333333333333,19.5
2011-07-22,11.625,11.5833333333333,13
2011-07-23,27.9,17.6666666666667,19
2011-07-24,53.207829371,29.4166666666667,20.6265929780167
2011-07-25,63.125,13.9166666666667,11.4166666666667
2011-07-26,16,2.5,9
2011-07-27,13.625,1.91666666666667,13.4166666666667
2011-07-28,10.05,1.58333333333333,15.5833333333333
2011-07-29,11.625,4.58333333333333,15.75
2011-07-30,3,6.08333333333333,4.58333333333333
2011-07-31,39.325,15.6666666666667,17.25
2011-08-01,17.2,10.1666666666667,9.75
2011-08-02,29,12.5833333333333,10
2011-08-03,60.25,42.25,32.9166666666667
2011-08-04,55.125,32.6666666666667,28.4166666666667
2011-08-05,40.25,31.85,53
2011-08-06,98.15,38.4833333333333,37.4166666666667
2011-08-07,44.625,19.95,8.25
2011-08-08,56.375,23.85,12.0666666666667
2011-08-09,26.625,14.1833333333333,10.2666666666667
2011-08-10,12.25,8.29666666666667,8.27333333333333
2011-08-11,17.125,7.86395321868167,5.89935466562667
2011-08-12,49.033400314625,4.22339948768,3.14889976788667
2011-08-13,46.723745028025,11.681994075715,6.496516714505
2011-08-14,7.5685562176125,4.75187964855667,5.60812002502167
2011-08-15,5.5791777905,0.632174985554167,0.5341266256995
2011-08-16,6.95,0.033333333333333,6.03333333333333
2011-08-17,8.3226211726875,0.830991997634333,2.39740714631833
2011-08-18,3.875,3.41666666666667,0.3
2011-08-19,14.575,7.41666666666667,1.25
2011-08-20,14.025,5.13333333333333,13.0166666666667
2011-08-21,38.825,15,19.0833333333333
2011-08-22,4.75,0.333333333333333,6.35
2011-08-23,14.95,1,1.91666666666667
2011-08-24,13.625,1.16666666666667,5.13333333333333
2011-08-25,21.3,4.55,4.7
2011-08-26,15.925,4.33333333333333,3.43333333333333
2011-08-27,10.0696871188,19.1666666666667,10.2082871084417
2011-08-28,10.0696871188,19.1666666666667,10.2082871084417
2011-08-29,15.25,16.9833333333333,30.2333333333333
2011-08-30,28.65,34.4166666666667,18.7
2011-08-31,40.125,34.8666666666667,22.9166666666667
2011-09-01,44.75,24,25.75
2011-09-02,103.375,38.8,59.1166666666667
2011-09-03,76.625,32.4333333333333,51.7833333333333
2011-09-04,55,31.1833333333333,27.4166666666667
2011-09-05,7.85,12.2166666666667,16.5333333333333
2011-09-06,4.75,6.78333333333333,7.06666666666667
2011-09-07,20.075,14.1,9.93333333333333
2011-09-08,6.975,9.51666666666667,4.86666666666667
2011-09-09,11.425,7.4,5.35
2011-09-10,12.625,2.13333333333333,10.75
2011-09-11,18.25,6.58333333333333,2.41666666666667
2011-09-12,16.625,4.5,1.13333333333333
2011-09-13,10.525,1.7,2.28333333333333
2011-09-14,10.45,15.3333333333333,4.93333333333333
2011-09-15,20.125,5.38333333333333,6.16666666666667
2011-09-16,32.417666371525,11.132884546,7.66666666666667
2011-09-17,7,2.86666666666667,2.83333333333333
2011-09-18,2.125,0.318177086467,2.25
2011-09-19,14.3,2.81666666666667,7.66666666666667
2011-09-20,4.275,2.41666666666667,0.666666666666667
2011-09-21,9.25,0.75,3.66666666666667
2011-09-22,5.725,2.41666666666667,4
2011-09-23,0.875,0.333333333333333,0.833333333333333
2011-09-24,0.125,0.75,0.833333333333333
2011-09-25,0,0,0.333333333333333
2011-09-26,0.125,0,0
2011-09-27,0.125,0,0
2011-09-28,0,0,0
2011-09-29,0,0,0
2011-09-30,0,0,0
2011-10-01,0.25,4.58333333333333,2
2011-10-02,1,1.16666666666667,8.16666666666667
2011-10-03,0.75,1.83333333333333,0.583333333333333
2011-10-04,0.125,0,0.083333333333333
2011-10-05,0,0,0
2011-10-06,0,0,0
2011-10-07,0,0.083333333333333,0
2011-10-08,0,0.166666666666667,0.166666666666667
2011-10-09,18.925,14.5,0
2011-10-10,17.625,28.7166666666667,13.3333333333333
2011-10-11,25.625,19.1,10.3333333333333
2011-10-12,43.775,10.25,3.66666666666667
2011-10-13,8.875,21.1333333333333,12.3333333333333
2011-10-14,4.625,0.65,0.583333333333333
2011-10-15,4.375,21.45,5.08333333333333
2011-10-16,5.75,10.1666666666667,4.66666666666667
2011-10-17,7.2,4.91666666666667,1.83333333333333
2011-10-18,7,1.58333333333333,6.75
2011-10-19,19.5,0.166666666666667,0.5
2011-10-20,2.8791585272525,0,0
2011-10-21,2,4.66666666666667,1.5
2011-10-22,5.625,5.5,18.1666666666667
2011-10-23,0,0,0.083333333333333
2011-10-24,42.75,27.3333333333333,51.75
2011-10-25,8.75,5.5,17.6666666666667
2011-10-26,5.75,8.66666666666667,0.583333333333333
2011-10-27,0,0,0.083333333333333
2011-10-28,18,3,9.5
2011-10-29,0,0,0
2011-10-30,16.75,5.95,2.58333333333333
2011-10-31,2,3.1,0.5
2012-06-01,0.1,0,0
2012-06-02,0,0,0
2012-06-03,0.875,0.033333333333333,0.05
2012-06-04,1.575,0.65,0.783333333333333
2012-06-05,13.225,1.78333333333333,3.08333333333333
2012-06-06,17,4.96666666666667,21.8833333333333
2012-06-07,18.1,5.95,12.1833333333333
2012-06-08,6.1,4.8,4.75
2012-06-09,3.075,4.56666666666667,1.51666666666667
2012-06-10,5.15,7.13333333333333,1.75
2012-06-11,0.85,3.5,0
2012-06-12,8.85,1.23333333333333,5.81666666666667
2012-06-13,8.65,4.06666666666667,7.05
2012-06-14,6.125,0.4,7.4
2012-06-15,23.675,7.46666666666667,5.3
2012-06-16,1.875,1.78333333333333,4.41666666666667
2012-06-17,37.175,13.05,16.7833333333333
2012-06-18,72.425,30.6833333333333,55.55
2012-06-19,64.25,40.65,41.4666666666667
2012-06-20,14.425,10.9,4.98333333333333
2012-06-21,16.725,9.45,12.7833333333333
2012-06-22,15.9,4.2,4.33333333333333
2012-06-23,8.2,1.75,2.96666666666667
2012-06-24,2.725,0.25,2.33333333333333
2012-06-25,3.4,3.65,1.53333333333333
2012-06-26,6.225,1.13333333333333,0.266666666666667
2012-06-27,17.95,3.88333333333333,5.91666666666667
2012-06-28,3.35,2.01666666666667,1.73333333333333
2012-06-29,24.275,9.28333333333333,6.53333333333333
2012-06-30,15.0675560599028,11.2701234724442,12.2758102771275
2012-07-01,26.425,9.66666666666667,16.35
2012-07-02,41.9,22.3166666666667,23.5333333333333
2012-07-03,17.5,12.1333333333333,12.7
2012-07-04,3.25,1.78333333333333,1.58333333333333
2012-07-05,17.5,12.1333333333333,12.7
2012-07-06,3.25,1.78333333333333,1.58333333333333
2012-07-07,13.4,1.25,3.86666666666667
2012-07-08,9.725,6.28333333333333,2.46666666666667
2012-07-09,13.4,3.4,8.8
2012-07-10,25.325,2.91666666666667,19.7833333333333
2012-07-11,8.175,4.6,6.76666666666667
2012-07-12,12.725,9.1,7.73333333333333
2012-07-13,2.7,0.8,3.61666666666667
2012-07-14,5.725,2.01666666666667,3.11666666666667
2012-07-15,16.975,6.15,6.45
2012-07-16,5.275,2.31666666666667,1.81666666666667
2012-07-17,0.975,1.9,1.41666666666667
2012-07-18,25.725,20.35,8.3
2012-07-19,14.85,9.43333333333334,6.96666666666667
2012-07-20,5.7,4.7,6.61666666666667
2012-07-21,17.975,18.6666666666667,12.6
2012-07-22,34.275,27.1166666666667,18.15
2012-07-23,20.175,14.1166666666667,16.45
2012-07-24,20.025,12.9666666666667,6.73333333333333
2012-07-25,2.65,2.08333333333333,1.23333333333333
2012-07-26,37.55,22.8,7.9
2012-07-27,41.525,49.05,13.6666666666667
2012-07-28,23.5,41.75,14.1666666666667
2012-07-29,16.375,10.7666666666667,9.75
2012-07-30,7.875,9.75,5.73333333333333
2012-07-31,6.2,6.85,7.76666666666667
2012-08-01,7.35,14.6333333333333,8.88333333333333
2012-08-02,2.5,2.23333333333333,2.83333333333333
2012-08-03,13,10.2333333333333,11.05
2012-08-04,13.75,19.7833333333333,12.1333333333333
2012-08-05,20.85,24,42.5666666666667
2012-08-06,69.875,39.2166666666667,84.5166666666667
2012-08-07,123.975,66.5166666666667,83.8166666666667
2012-08-08,46.325,20.5,22.25
2012-08-09,55.65,10.9833333333333,15.8833333333333
2012-08-10,36.175,14.5,6.35
2012-08-11,49.825,17.7666666666667,15.9
2012-08-12,45.4,23,33.4666666666667
2012-08-13,19.15,7.91666666666667,12.1666666666667
2012-08-14,2.35,1.91666666666667,1.6
2012-08-15,0.8,0.866666666666667,1.03333333333333
2012-08-16,9.475,2.33333333333333,11.1666666666667
2012-08-17,11.775,4.23333333333333,2.8
2012-08-18,26.15,5.9,19.5333333333333
2012-08-19,8.225,10.3,7.51666666666667
2012-08-20,2.875,3.05,9.5
2012-08-21,2.875,3.05,9.5
2012-08-22,9.95,12.0666666666667,1.95
2012-08-23,2.325,0.166666666666667,0.483333333333333
2012-08-24,0.025,0.05,0.083333333333333
2012-08-25,6.6,4.31666666666667,7.03333333333333
2012-08-26,50.05,14.25,30.7
2012-08-27,19.55,18.7833333333333,2.63333333333333
2012-08-28,33.575,15.2333333333333,25.55
2012-08-29,40.8,26.3833333333333,24.4166666666667
2012-08-30,37.375,31.8666666666667,19.3333333333333
2012-08-31,34.225,30.6,23.6
2012-09-01,37.875,23.2,30.5333333333333
2012-09-02,15.3,21.4,16.05
2012-09-03,32.575,22.15,27.2833333333333
2012-09-04,43.7,27.8,26.3333333333333
2012-09-05,20.725,16.8833333333333,10.4
2012-09-06,5.8,6.1,4.68333333333333
2012-09-07,16.575,7.98333333333333,4.25
2012-09-08,13.6,5.36666666666667,7.31666666666667
2012-09-09,6.85,4.1,6.11666666666667
2012-09-10,27.725,3.95,24.8
2012-09-11,2.1,5.83333333333333,4.05
2012-09-12,11.6,5.35,6.75
2012-09-13,11.5,5.28333333333333,7.05
2012-09-14,12.15,0.85,5.18333333333333
2012-09-15,8.125,3.95,4.16666666666667
2012-09-16,7.8,3.75,8.11666666666667
2012-09-17,11.625,2.83333333333333,3.68333333333333
2012-09-18,7.3,1.75,2.63333333333333
2012-09-19,7.45,5.06666666666667,2.25
2012-09-20,0.075,0.083333333333333,0
2012-09-21,0.05,0.033333333333333,0
2012-09-22,0,0,0
2012-09-23,0,0.033333333333333,0
2012-09-24,0,0,0
2012-09-25,0,0.116666666666667,0
2012-09-26,0.05,0,0
2012-09-27,0,0,0
2012-09-28,0.175,0.633333333333333,0
2012-09-29,0.425,0.033333333333333,1.33333333333333
2012-09-30,13.65,12.25,3.81666666666667
2012-10-01,14.175,8.65,2.18333333333333
2012-10-02,16.225,7.71666666666667,14.2833333333333
2012-10-03,13.7,3.8,6.46666666666667
2012-10-04,0.475,0.066666666666667,0.066666666666667
2012-10-05,0.9,0.183333333333333,0.083333333333333
2012-10-06,0,0,0
2012-10-07,0.05,0,0
2012-10-08,0.075,0.033333333333333,0
2012-10-09,8.35,0.466666666666667,0.65
2012-10-10,22.4,4.03333333333333,18.1
2012-10-11,0.475,0.216666666666667,0.066666666666667
2012-10-12,0.075,0,0
2012-10-13,0.05,0.1,0.266666666666667
2012-10-14,0.85,0.416666666666667,0.6
2012-10-15,23.05,1.41666666666667,49.9666666666667
2012-10-16,22.35,19.15,11.45
2012-10-17,5.125,0.033333333333333,0.616666666666667
2012-10-18,0.225,0.066666666666667,0.016666666666667
2012-10-19,0,0,0.033333333333333
2012-10-20,6.25,3.7,6.88333333333333
2012-10-21,8.625,4.56666666666667,5.4
2012-10-22,5.2,1.08333333333333,6.46666666666667
2012-10-23,3.6,0.733333333333333,0.483333333333333
2012-10-24,0,0.1,0
2012-10-25,0,0,0
2012-10-26,0.075,1.83333333333333,0
2012-10-27,0,0.05,0
2012-10-28,0.075,0,0
2012-10-29,0,0,0
2012-10-30,0.6,8.8,0.033333333333333
2012-10-31,0,0,0
2013-06-01,17.2625,19.4216666666667,0
2013-06-02,6.62,0.251666666666667,4.35333333333333
2013-06-03,36.86,6.99666666666667,30.1166666666667
2013-06-04,5.365,1.71333333333333,2.90833333333333
2013-06-05,3.115,1.26166666666667,4.58
2013-06-06,2.4425,2.34166666666667,0.328333333333333
2013-06-07,18.01,2.345,6.765
2013-06-08,14.5325,5.91333333333333,7.795
2013-06-09,34.3375,12.4366666666667,12.1133333333333
2013-06-10,10.33,11.1466666666667,11.5983333333333
2013-06-11,36.245,31.345,23.4733333333333
2013-06-12,57.6475,19.9716666666667,31.29
2013-06-13,17.0575,13.7933333333333,11.9316666666667
2013-06-14,56.82,34.0933333333333,21.1166666666667
2013-06-15,50.63,44.1116666666667,39.5533333333333
2013-06-16,78.525,49.2083333333333,49.5683333333334
2013-06-17,49.51,26.3133333333333,31.0066666666667
2013-06-18,70.48,26.03,33.985
2013-06-19,17.265,7.51,6.32
2013-06-20,48.605,16.0933333333333,35.1083333333333
2013-06-21,4.79,1.465,2.565
2013-06-22,24.345,15.3066666666667,7.13666666666667
2013-06-23,28.55,12.095,11.8066666666667
2013-06-24,43.995,25.975,16.1266666666667
2013-06-25,115.345,57.0616666666667,105.608333333333
2013-06-26,93.18,55.5083333333333,54.1433333333333
2013-06-27,66.5525,26.43,30.92
2013-06-28,21.28,7.27166666666667,8.03833333333333
2013-06-29,16.85,6.35333333333333,4.39833333333333
2013-06-30,0.6725,0.771666666666667,0.64
2013-07-01,4.5525,6.29833333333333,11.5133333333333
2013-07-02,27.51,18.8966666666667,4.99833333333333
2013-07-03,84.0275,30.0983333333333,48.64
2013-07-04,151.3025,109.175,101.898333333333
2013-07-05,95.25,45.8266666666667,19.5033333333333
2013-07-06,40.995,33.2066666666667,12.0916666666667
2013-07-07,79.7675,22.2366666666667,8.43166666666667
2013-07-08,29.94,6.77833333333333,3.70166666666667
2013-07-09,16.395,13.0466666666667,20.3316666666667
2013-07-10,24.11,14.8616666666667,13.7683333333333
2013-07-11,60.3125,32.95,14.4983333333333
2013-07-12,49.84,36.1183333333333,16.5083333333333
2013-07-13,48.0875,44.255,19.2116666666667
2013-07-14,24.2125,18.0483333333333,10.5366666666667
2013-07-15,17.955,7.45166666666667,13.175
2013-07-16,26.7125,18.385,14.8183333333333
2013-07-17,42.9525,31.8,25.085
2013-07-18,35.975,32.7783333333333,24.5133333333333
2013-07-19,94,63.3666666666667,57.1916666666667
2013-07-20,92.385,86.0033333333333,80.1283333333333
2013-07-21,77.865,60.0633333333333,48.285
2013-07-22,41.225,37.615,20.36
2013-07-23,36.295,34.045,18.7316666666667
2013-07-24,40.9,44.3283333333333,35.8316666666667
2013-07-25,57.7325,46.2916666666667,62.5883333333333
2013-07-26,49.63,50.755,41.535
2013-07-27,41.89,32.7116666666667,32.5433333333333
2013-07-28,63.0425,26.4133333333333,30.7383333333333
2013-07-29,49.38,27.5666666666667,29.975
2013-07-30,6.78,8.595,1.49666666666667
2013-07-31,40.97,16.0483333333333,63.7666666666667
2013-08-01,68.6025,20.9833333333333,51.32
2013-08-02,119.3225,48.6916666666667,89.4166666666667
2013-08-03,55.0475,51.4666666666667,39.0433333333333
2013-08-04,56.1325,29.875,13.65
2013-08-05,53.53,11.1283333333333,7.14833333333333
2013-08-06,34.2425,13.55,7.41333333333333
2013-08-07,23.9875,19.2366666666667,3.21833333333333
2013-08-08,24.3425,5.87166666666667,10.075
2013-08-09,18.6825,5.06,2.82833333333333
2013-08-10,9.4875,2.14333333333333,2.62
2013-08-11,11.4275,2.30833333333333,8.77333333333333
2013-08-12,15.585,4.83333333333333,5.47
2013-08-13,14.445,1.47833333333333,0.746666666666667
2013-08-14,26.815,9.83833333333333,9.36666666666667
2013-08-15,4.555,2.385,1.69
2013-08-16,18.2625,6.34833333333333,5.33666666666667
2013-08-17,10.8275,4.84,1.515
2013-08-18,16.9525,5.745,6.54166666666667
2013-08-19,26.14,13.9966666666667,7.31666666666667
2013-08-20,8.485,11.6566666666667,5.58666666666667
2013-08-21,23.125,21.68,7.40166666666667
2013-08-22,16.8625,13.395,4.25666666666667
2013-08-23,16.1775,12.4233333333333,3.79
2013-08-24,13.01,11.9183333333333,1.15
2013-08-25,19.6975,5.52833333333333,5.825
2013-08-26,4.0725,2.28666666666667,1.09166666666667
2013-08-27,5.53,2.095,9.01166666666667
2013-08-28,0.475,1.715,0
2013-08-29,2.3,1.445,0
2013-08-30,4.7125,0.356666666666667,2.81
2013-08-31,1.36,0.275,0.006666666666667
2013-09-01,5.2725,0.086666666666667,0.116666666666667
2013-09-02,17.9625,6.195,0.355
2013-09-03,1.2725,0.441666666666667,0.175
2013-09-04,9.2975,3.405,1.92166666666667
2013-09-05,3.6225,4.21333333333333,0.275
2013-09-06,13.505,4.18666666666667,5.175
2013-09-07,15.34,11.8416666666667,2.29166666666667
2013-09-08,7.92,4.575,5.99333333333333
2013-09-09,13.4125,14.9616666666667,3.10333333333333
2013-09-10,1.0125,5.325,0.081666666666667
2013-09-11,3.02,1.10666666666667,2.10833333333333
2013-09-12,4.46,0.605,1.305
2013-09-13,6.3575,8.295,8.37166666666667
2013-09-14,29.5425,8.12,1.65833333333333
2013-09-15,1.8625,11.1683333333333,1.25
2013-09-16,39.955,7.935,10.7266666666667
2013-09-17,11.54,2.89666666666667,7.17333333333333
2013-09-18,34.6725,15.76,21.8016666666667
2013-09-19,42.5825,30.1583333333333,30.2566666666667
2013-09-20,24.435,20.035,32
2013-09-21,38.1425,37.895,14.1883333333333
2013-09-22,11.945,11.1833333333333,6.17333333333333
2013-09-23,0.055,0.683333333333333,0.09
2013-09-24,3.89,3.26,1.59833333333333
2013-09-25,2.5925,0.713333333333333,2.55833333333333
2013-09-26,0.915,0.698333333333333,0.408333333333333
2013-09-27,0.2125,0.011666666666667,0.235
2013-09-28,0,0,0.041666666666667
2013-09-29,1.15,0.356666666666667,0.265
2013-09-30,0.8025,0.443333333333333,0.37
2013-10-01,27.295,13.775,11.2183333333333
2013-10-02,17.1575,1.745,0.545
2013-10-03,2.495,2.83666666666667,0.301666666666667
2013-10-04,0,0.001666666666667,0
2013-10-05,0.065,0.175,0
2013-10-06,11.62,4.87166666666667,4.34333333333333
2013-10-07,9.255,4.60666666666667,2.32333333333333
2013-10-08,4.2675,0.16,0.848333333333333
2013-10-09,0.8425,0.288333333333333,1.14166666666667
2013-10-10,3.7925,1.33333333333333,3.355
2013-10-11,0.08,0.003333333333333,2.14
2013-10-12,1.875,0.811666666666667,4.41333333333333
2013-10-13,17.0275,2.58833333333333,13.8716666666667
2013-10-14,0.6925,1.43,3.73166666666667
2013-10-15,1.1125,0.013333333333333,0.33
2013-10-16,5.12,6.07666666666667,6.17
2013-10-17,26.805,8.58166666666667,16.925
2013-10-18,9.4275,7.515,1.88833333333333
2013-10-19,17.635,3.375,8.52166666666667
2013-10-20,46.7075,39.9916666666667,25.7166666666667
2013-10-21,0.1525,0.031666666666667,0.095
2013-10-22,3.17,2.795,1.81666666666667
2013-10-23,3.8825,3.57833333333333,12.1533333333333
2013-10-24,5.63,9.55666666666667,6.16
2013-10-25,0.525,2.71833333333333,0.24
2013-10-26,3.7375,0.406666666666667,1.88833333333333
2013-10-27,0.0075,0.34,0.291666666666667
2013-10-28,0.1125,0,0.041666666666667
2013-10-29,0,0,0.043333333333333
2013-10-30,3.405,1.72,0.01
2013-10-31,12.7025,0.14,0.605
2014-06-01,3.7725,5.19833333333333,0
2014-06-02,0,0,0
2014-06-03,32.3825,22.6316666666667,18.8966666666667
2014-06-04,0.5925,0.108333333333333,0.103333333333333
2014-06-05,0,0,0.416666666666667
2014-06-06,1.2875,0.7,0.135
2014-06-07,0.3875,0.396666666666667,0.665
2014-06-08,0.3425,0.126666666666667,0.585
2014-06-09,6.645,0.243333333333333,5.57166666666667
2014-06-10,6.02,0.746666666666667,6.02833333333333
2014-06-11,15.445,1.75833333333333,11.23
2014-06-12,16.395,2.16166666666667,5.99166666666667
2014-06-13,14.685,6.09666666666667,4.10666666666667
2014-06-14,8.4825,4.95333333333333,2.755
2014-06-15,6.14,2.80166666666667,2.78
2014-06-16,6.63,0.836666666666667,1.205
2014-06-17,28.0625,8.19333333333333,8.30166666666667
2014-06-18,9.6,8.125,13.9033333333333
2014-06-19,48.04,28.5466666666667,39.6533333333333
2014-06-20,77.21,26.615,71.9
2014-06-21,50.9725,25.8016666666667,29.735
2014-06-22,48.66,25.4016666666667,24.0333333333333
2014-06-23,18.4275,6.23333333333333,3.43666666666667
2014-06-24,5.905,5.625,0.223333333333333
2014-06-25,6.79,2.61,0.143333333333333
2014-06-26,3.68,0.791666666666667,0.006666666666667
2014-06-27,0,0,0
2014-06-28,0.15,0,0.063333333333333
2014-06-29,0.89,0.318333333333333,2.77666666666667
2014-06-30,13.61,8.09,1.27833333333333
2014-07-01,11.9325,2.04666666666667,9.19833333333333
2014-07-02,24.165,6.13166666666667,9.355
2014-07-03,2.3425,1.38166666666667,0.066666666666667
2014-07-04,0.9225,1.39166666666667,0.01
2014-07-05,3.67,5.15166666666667,1.40666666666667
2014-07-06,15.575,0.725,5.42166666666667
2014-07-07,13.645,0.75,0.401666666666667
2014-07-08,10.1575,5.27333333333333,2.51333333333333
2014-07-09,6.975,2.28833333333333,1.87166666666667
2014-07-10,32.2925,18.5533333333333,8.44833333333333
2014-07-11,34.8925,35.635,28.3033333333333
2014-07-12,25.7025,25.36,16.4983333333333
2014-07-13,105.5775,71.6766666666667,58.6066666666667
2014-07-14,84.2275,32.2616666666667,49.63
2014-07-15,64.9475,41.4033333333333,63.8566666666667
2014-07-16,45.315,38.285,35.4766666666667
2014-07-17,26.3225,26.7,26.4233333333333
2014-07-18,15.085,10.52,21.875
2014-07-19,60.3175,37.5666666666667,57.245
2014-07-20,47.7375,33.08,35.2966666666667
2014-07-21,32.095,30.0916666666667,21.6283333333333
2014-07-22,63.3225,47.6066666666667,36.4033333333333
2014-07-23,39.0925,43.285,32.8083333333333
2014-07-24,70.74,52.415,45.9066666666667
2014-07-25,32.4375,23.1716666666667,17.225
2014-07-26,27.43,25.0316666666667,7.69166666666667
2014-07-27,38.645,23.0133333333333,6.26166666666667
2014-07-28,28.7175,37.9116666666667,7.58833333333333
2014-07-29,13.66,25.5166666666667,6.75666666666667
2014-07-30,15.33,9.36833333333333,15.5033333333333
2014-07-31,68.76,25.5266666666667,50.4783333333333
2014-08-01,105.13,45.885,62.15
2014-08-02,56.78,41.05,25.8916666666667
2014-08-03,52.535,26.7033333333333,19.4983333333333
2014-08-04,44.41,23.9133333333333,13.57
2014-08-05,84.3025,30.78,36.05
2014-08-06,90.115,47.0616666666667,41.645
2014-08-07,73.1675,38.685,38.6566666666667
2014-08-08,20.6525,10.415,9.97333333333333
2014-08-09,32.82,7.50333333333333,12.52
2014-08-10,18.5675,5.66,8.065
2014-08-11,16.2225,7.29833333333334,2.13833333333333
2014-08-12,34.6825,9.48333333333333,31.33
2014-08-13,7.94,2.40833333333333,2.255
2014-08-14,10.4425,3.72166666666667,6.41666666666667
2014-08-15,13.79,1.29166666666667,1.10333333333333
2014-08-16,2.805,0.208333333333333,0.123333333333333
2014-08-17,1.815,0.041666666666667,0
2014-08-18,4.15,0.133333333333333,0.775
2014-08-19,10.4,5.36833333333333,24.6416666666667
2014-08-20,12.695,7.90333333333333,2.41833333333333
2014-08-21,11.075,2.99166666666667,0.435
2014-08-22,17.995,6.17166666666667,0.565
2014-08-23,30.015,11.2766666666667,6.525
2014-08-24,6.05,0.521666666666667,5.30166666666667
2014-08-25,7.175,3.925,3.37666666666667
2014-08-26,7.575,1.57333333333333,2.61833333333333
2014-08-27,0.465,1.18333333333333,5.66333333333333
2014-08-28,11.5275,14.25,6.825
2014-08-29,22.15,13.0033333333333,7.105
2014-08-30,28.4775,20.465,22.81
2014-08-31,68.625,36.4616666666667,30.3366666666667
2014-09-01,48.2075,24.9183333333333,31.1816666666667
2014-09-02,50.1275,21.75,45.635
2014-09-03,14.1375,2.455,12.2416666666667
2014-09-04,51.86,22.78,12.75
2014-09-05,17.53,9.00333333333333,16.1116666666667
2014-09-06,15.125,11.6283333333333,5.41666666666667
2014-09-07,49.8725,32.055,20.225
2014-09-08,6.42,5.76166666666667,1.45
2014-09-09,18.4225,4.77166666666667,7.92
2014-09-10,7.795,7.685,4.21
2014-09-11,12.9625,3.575,11.46
2014-09-12,1.7325,5.48833333333333,1.08333333333333
2014-09-13,12.165,0.216666666666667,0.128333333333333
2014-09-14,14.005,2.05666666666667,3.96833333333333
2014-09-15,27.615,5.825,8.80166666666667
2014-09-16,12.055,3.69666666666667,0.945
2014-09-17,12.39,2.37166666666667,5.01666666666667
2014-09-18,0.285,0.223333333333333,0.778333333333333
2014-09-19,8.835,1.12166666666667,2.39666666666667
2014-09-20,8.44,3.26166666666667,3.255
2014-09-21,5.4025,0.745,1.24166666666667
2014-09-22,1.8175,1.18,0.051666666666667
2014-09-23,35.63,15.0616666666667,62.59
2014-09-24,7.465,14.7683333333333,28.09
2014-09-25,1.2875,17.1683333333333,2.395
2014-09-26,5.2625,12.2416666666667,1.26333333333333
2014-09-27,9.6925,6.365,7.40166666666667
2014-09-28,0.935,3.92666666666667,0.045
2014-09-29,4.705,26.3416666666667,9.13333333333333
2014-09-30,14.72,1.94666666666667,6.29833333333333
2014-10-01,3.8175,1.20666666666667,0.165
2014-10-02,2.7275,0.083333333333333,0.258333333333333
2014-10-03,0.79,0.298333333333333,0
2014-10-04,4.5075,4.26833333333333,3.04833333333333
2014-10-05,2.5125,1.92833333333333,4.09
2014-10-06,17.5625,5.415,46.165
2014-10-07,18.7225,4.49666666666667,1.93833333333333
2014-10-08,1.9175,3.65333333333333,3.76166666666667
2014-10-09,0.55,1.22333333333333,14.19
2014-10-10,1.245,2.615,9.95333333333333
2014-10-11,11.3075,10.12,3.10333333333333
2014-10-12,6.7875,4.87333333333333,0.611666666666667
2014-10-13,1.675,0.61,3.92333333333333
2014-10-14,0,0,0
2014-10-15,0.0775,0,0.001666666666667
2014-10-16,6.265,1.04,3.06
2014-10-17,0.22,0.085,0.03
2014-10-18,17.1975,3.39666666666667,4.38333333333333
2014-10-19,6.7075,2.03833333333333,1.075
2014-10-20,4.2325,7.99333333333333,1.64
2014-10-21,6.45,5.355,0.816666666666667
2014-10-22,0.4875,0.736666666666666,0.468333333333333
2014-10-23,0,0.131666666666667,0
2014-10-24,3.5525,10.7016666666667,1.97833333333333
2014-10-25,15.4975,1.725,4.73166666666667
2014-10-26,7.6175,14.29,13.6316666666667
2014-10-27,0.41,0.15,0.705
2014-10-28,6.255,4.67333333333333,9.77666666666667
2014-10-29,4.8425,1.91666666666667,5.475
2014-10-30,0.075,0.033333333333333,0.016666666666667
2014-10-31,0,0.043333333333333,0.086666666666667
2015-06-01,6.335,21.6516666666667,0
2015-06-02,0.98,0.263333333333333,0.161666666666667
2015-06-03,14.565,3.36333333333333,31.8766666666667
2015-06-04,12.19,4.52333333333333,6.345
2015-06-05,35.7575,18.6283333333333,16.1766666666667
2015-06-06,2.5775,10.91,1.35
2015-06-07,0,1.63666666666667,0.011666666666667
2015-06-08,3.88,1.13166666666667,7.50166666666667
2015-06-09,4.7025,0.575,2.49833333333333
2015-06-10,12.925,6.82833333333333,5.40166666666667
2015-06-11,0.0925,0,0
2015-06-12,9.6675,0.798333333333333,0.928333333333333
2015-06-13,12.05,4.07333333333333,2.98
2015-06-14,17.685,10.6266666666667,11.52
2015-06-15,6.3675,1.16166666666667,6.76666666666667
2015-06-16,14.2325,12.965,5.85666666666667
2015-06-17,15.7975,8.19,8.48166666666667
2015-06-18,14.09,9.92666666666667,12.87
2015-06-19,32.34,24.9983333333333,17.6533333333333
2015-06-20,97.285,82.92,70.4133333333333
2015-06-21,95.9175,71.1266666666667,74.2183333333333
2015-06-22,100.4325,61.0666666666667,105.138333333333
2015-06-23,75.6375,41.8933333333333,108.351666666667
2015-06-24,92.3675,35.2433333333333,83.2816666666667
2015-06-25,78.2925,31.2416666666667,62.46
2015-06-26,122.035,97.9866666666667,84.455
2015-06-27,79.835,21.8116666666667,61.2983333333333
2015-06-28,14.3725,2.8,2.64
2015-06-29,7.16,4.02833333333333,0.358333333333333
2015-06-30,14.705,3.59166666666667,5.33833333333333
2015-07-01,1.61,1.315,0.101666666666667
2015-07-02,6.15,1.78833333333333,0.273333333333333
2015-07-03,6.1375,3.29833333333333,4.935
2015-07-04,11.4475,1.74333333333333,2.93
2015-07-05,13.4925,1.09666666666667,0.853333333333333
2015-07-06,5.8575,1.26833333333333,0.33
2015-07-07,1.4175,1.585,0.151666666666667
2015-07-08,9.9225,29.235,0.798333333333333
2015-07-09,42.9925,14.4783333333333,9.05166666666667
2015-07-10,20.9625,10.5683333333333,3.44833333333333
2015-07-11,42.3575,15.7366666666667,3.785
2015-07-12,24.58,14.6133333333333,2.76333333333333
2015-07-13,10.0325,1.44333333333333,3.485
2015-07-14,6.6825,1.375,0.293333333333333
2015-07-15,23.9375,4.69166666666667,6.24333333333333
2015-07-16,9.37,4.85666666666667,3.49333333333333
2015-07-17,27.76,17.97,3.69833333333333
2015-07-18,67.6725,30.2533333333333,28.4866666666667
2015-07-19,41.7075,27.9933333333333,14.76
2015-07-20,62.28,34.8,24.0683333333333
2015-07-21,35.5625,15.28,4.54833333333333
2015-07-22,14.4675,8.88333333333333,3.355
2015-07-23,26.185,6.50333333333333,14.9516666666667
2015-07-24,16.1375,6.40333333333333,12.1083333333333
2015-07-25,9.4825,2.22333333333333,4.40833333333333
2015-07-26,14.84,11.6983333333333,8.90833333333333
2015-07-27,19.4475,8.00166666666667,5.01
2015-07-28,19.38,10.92,5.15333333333333
2015-07-29,1.4225,1.32666666666667,0.163333333333333
2015-07-30,0.0325,0.006666666666667,0.006666666666667
2015-07-31,5.8525,2.06166666666667,0.481666666666667
2015-08-01,4.555,1.98666666666667,3.20833333333333
2015-08-02,10.1425,8.45833333333333,1.23
2015-08-03,7.655,0.77,0.053333333333333
2015-08-04,30.25,9.605,5.09166666666667
2015-08-05,24.9375,7.76,6.465
2015-08-06,41.455,20.9716666666667,11.5033333333333
2015-08-07,33.925,29.4533333333333,7.97
2015-08-08,27.615,22.0116666666667,6.12833333333333
2015-08-09,22.415,6.97166666666667,3.13333333333333
2015-08-10,25.9,11.7683333333333,11.905
2015-08-11,25.645,10.3483333333333,6.03333333333333
2015-08-12,21.585,14.2116666666667,7.62833333333333
2015-08-13,34.29,18.45,8.05
2015-08-14,15.65,15.015,2.22833333333333
2015-08-15,11.8625,2.405,1.29166666666667
2015-08-16,20.825,1.905,9.23
2015-08-17,5,1.10833333333333,1.29833333333333
2015-08-18,4.2475,13.6433333333333,13.6383333333333
2015-08-19,13.34,19.9483333333333,4.91333333333333
2015-08-20,0.465,3.16666666666667,0.111666666666667
2015-08-21,1.8225,2.325,0.193333333333333
2015-08-22,9.295,15.59,10.8366666666667
2015-08-23,16.0425,16.5466666666667,9.61333333333333
2015-08-24,13.175,1.58333333333333,7.43
2015-08-25,7.99,1.42,2.48666666666667
2015-08-26,4.535,0.81,1.325
2015-08-27,12.2775,4.60333333333333,0.66
2015-08-28,9.4475,3.96833333333333,3.24166666666667
2015-08-29,0.195,0.171666666666667,0.013333333333333
2015-08-30,3.0425,1.57166666666667,1.97666666666667
2015-08-31,1.7225,1.54333333333333,1.47333333333333
2015-09-01,1.88,0.161666666666667,0.621666666666667
2015-09-02,0.335,0.268333333333333,0.978333333333333
2015-09-03,0.4475,0,7.14166666666667
2015-09-04,5.1275,0.603333333333333,0.061666666666667
2015-09-05,2.895,2.22333333333333,0.046666666666667
2015-09-06,22.895,12.09,21.7866666666667
2015-09-07,8.5925,10.0116666666667,8.885
2015-09-08,74.21,27.3733333333333,26.685
2015-09-09,2.5975,1.83666666666667,5.81833333333333
2015-09-10,4.585,2.91833333333333,5.21
2015-09-11,7.24,8.27833333333333,9.65333333333333
2015-09-12,1.3625,0.45,1.895
2015-09-13,0.8175,0.061666666666667,1.68166666666667
2015-09-14,2.525,0.785,0.821666666666667
2015-09-15,1.055,1.82,1.21
2015-09-16,23.97,9.555,7.59166666666667
2015-09-17,10.4,2.71,3.34333333333333
2015-09-18,0.115,0.125,0.113333333333333
2015-09-19,13.0725,5.11,4.10666666666667
2015-09-20,5.9225,1.215,10.93
2015-09-21,3.6675,2.96666666666667,3.30166666666667
2015-09-22,0.3675,0.47,0.305
2015-09-23,0.015,0.098333333333333,0.046666666666667
2015-09-24,4.3825,1.66333333333333,2.09833333333333
2015-09-25,13.2025,11.8216666666667,26.5116666666667
2015-09-26,2.2875,1.72833333333333,0.081666666666667
2015-09-27,2.1575,0.365,0.131666666666667
2015-09-28,28.8175,26.0416666666667,19.8966666666667
2015-09-29,17.5275,2.61166666666667,18.1216666666667
2015-09-30,23.7725,23.8883333333333,12.905
2015-10-01,21.15,2.16166666666667,4.585
2015-10-02,5.655,8.19,6.87833333333333
2015-10-03,1.56,1.80333333333333,5.39166666666667
2015-10-04,9.3,3.54166666666667,10.8483333333333
2015-10-05,21.6975,14.9083333333333,3.23166666666667
2015-10-06,15.745,6.4,30.355
2015-10-07,9.065,2.585,7.20333333333333
2015-10-08,8.4675,1.38666666666667,11.5666666666667
2015-10-09,20.305,5.655,11.3283333333333
2015-10-10,5.495,1.96666666666667,4.37166666666667
2015-10-11,4.065,2.43666666666667,2.16166666666667
2015-10-12,6.435,8.61666666666667,2.19
2015-10-13,4.685,0.26,0.643333333333333
2015-10-14,2.72,0.473333333333333,0.011666666666667
2015-10-15,0.0975,0,0.03
2015-10-16,0,0,0.03
2015-10-17,0.0975,0.078333333333333,2.62
2015-10-18,0.105,0.536666666666667,0.001666666666667
2015-10-19,0.005,0.053333333333333,0
2015-10-20,0.0975,0.008333333333333,0
2015-10-21,4.8325,0.39,0
2015-10-22,0.81,1.03,0
2015-10-23,0.105,0,0.056666666666667
2015-10-24,0.0325,0.021666666666667,0.04
2015-10-25,0.04,0.016666666666667,0
2015-10-26,0.0975,0,0
2015-10-27,0,0,0
2015-10-28,9.8925,0.098333333333333,10.715
2015-10-29,19.9225,24.8316666666667,3.73333333333333
2015-10-30,12.7025,2.80666666666667,0.815
2015-10-31,11.4925,0.695,12.9
2016-06-01,3.39,2.02333333333333,0
2016-06-02,2.3225,1.56666666666667,8.845
2016-06-03,5.8675,9.64833333333334,7.37833333333333
2016-06-04,1.35,1.84,0.401666666666667
2016-06-05,2.8025,1.52833333333333,1.81833333333333
2016-06-06,8.2525,8.12666666666667,6.27666666666667
2016-06-07,2.02,0.518333333333333,5.59666666666667
2016-06-08,4.6975,5.14833333333333,4.41666666666667
2016-06-09,45.495,28.4833333333333,34.0833333333333
2016-06-10,36.8875,11.2383333333333,20.7033333333333
2016-06-11,24.08,14.17,20.6833333333333
2016-06-12,6.655,6.05833333333333,3.37333333333333
2016-06-13,21.9775,6.77,12.015
2016-06-14,14.3775,8.77166666666667,10.6633333333333
2016-06-15,5.075,0.958333333333333,2.87166666666667
2016-06-16,3.7575,2.72833333333333,2.525
2016-06-17,21.55,3.54166666666667,6.01
2016-06-18,11.71,1.9,0.398333333333333
2016-06-19,32.765,5.99,9.10333333333333
2016-06-20,13.15,2.09,2.96833333333333
2016-06-21,11.8175,4.08333333333333,6.00666666666667
2016-06-22,12.555,6.05666666666667,3.545
2016-06-23,43.1875,11.0516666666667,17.9266666666667
2016-06-24,20.2875,11.7616666666667,4.76833333333333
2016-06-25,21.34,5.45333333333333,10.625
2016-06-26,13.345,8.665,4.725
2016-06-27,52.5925,36.6916666666667,35.9316666666667
2016-06-28,56.4875,36.1483333333333,30.865
2016-06-29,167.38,109.121666666667,108.945
2016-06-30,79.1675,75.2283333333333,38.5566666666667
2016-07-01,50.9425,50.0616666666667,27.5083333333333
2016-07-02,27.25,28.9166666666667,25.1816666666667
2016-07-03,26.66,23.89,16.0216666666667
2016-07-04,39.6625,27.02,13.9883333333333
2016-07-05,55.8575,19.1883333333333,39.6866666666667
2016-07-06,19.0275,14.0416666666667,11.0216666666667
2016-07-07,34.2625,21.9683333333333,17.7666666666667
2016-07-08,8.3975,11.9683333333333,6.83666666666667
2016-07-09,15.6375,13.6516666666667,7.86666666666667
2016-07-10,61.77,40.3583333333333,31.2866666666667
2016-07-11,62.205,56.8316666666667,26.5883333333333
2016-07-12,23.4825,23.405,11.0116666666667
2016-07-13,26.1325,20.8133333333333,20.5216666666667
2016-07-14,8.8925,10.3933333333333,11.5516666666667
2016-07-15,25.14,5.485,9.45166666666667
2016-07-16,14.83,4.545,9.545
2016-07-17,13.6825,3.51666666666667,9.68166666666667
2016-07-18,7.7875,1.05333333333333,6.95
2016-07-19,16.1375,1.495,7.78333333333333
2016-07-20,7.5925,2.13333333333333,1.985
2016-07-21,25.315,11.2616666666667,6.84166666666667
2016-07-22,29.4225,19.2216666666667,20.3916666666667
2016-07-23,18.54,7.77166666666667,7.56666666666667
2016-07-24,22.9925,3.92166666666667,4.10833333333333
2016-07-25,5.095,2.58833333333333,11.615
2016-07-26,0.3025,0.003333333333333,2.44
2016-07-27,5.82,0.065,11.82
2016-07-28,11.4025,7.32,8.31833333333333
2016-07-29,15.825,30.5233333333333,3.31
2016-07-30,6.8075,3.21,1.93166666666667
2016-07-31,27.2,12.875,10.9883333333333
2016-08-01,7.1025,10.6466666666667,6.86166666666667
2016-08-02,9.15,20.385,9.15
2016-08-03,27.0725,20.6166666666667,18.945
2016-08-04,17.5175,18.585,13.3166666666667
2016-08-05,36.47,27.74,14.4216666666667
2016-08-06,19.565,20.295,11.0833333333333
2016-08-07,26.65,20.24,10.1816666666667
2016-08-08,17.5525,15.885,4.4
2016-08-09,16.365,10.4916666666667,4.45
2016-08-10,24.9975,18.2833333333333,7.00333333333333
2016-08-11,7.01,5.025,1.64666666666667
2016-08-12,18.315,6.05333333333333,2.16166666666667
2016-08-13,14.7425,14.8466666666667,3.11666666666667
2016-08-14,11.5,8.02166666666667,3.69
2016-08-15,19.39,8.49166666666667,6.30833333333333
2016-08-16,35.0575,21.4933333333333,6.63
2016-08-17,22.2825,18.6666666666667,3.82
2016-08-18,52.9725,14.53,8.64333333333333
2016-08-19,30.8125,6.605,3.57666666666667
2016-08-20,5.7725,1.19,3.51166666666667
2016-08-21,0.6325,0.843333333333333,0.776666666666667
2016-08-22,14.0725,4.175,3.46666666666667
2016-08-23,10.095,2.645,3.82166666666667
2016-08-24,24.5625,9.19333333333333,5.3
2016-08-25,7.08,3.43166666666667,1.825
2016-08-26,11.265,1.28833333333333,2.78166666666667
2016-08-27,9.5525,7.30333333333333,3.24833333333333
2016-08-28,13.605,5.30833333333333,9.81333333333333
2016-08-29,10.3925,2.56666666666667,2.05666666666667
2016-08-30,9.665,2.17166666666667,6.56333333333333
2016-08-31,10.1625,1.33,2.41333333333333
2016-09-01,7.02,1.56666666666667,5.87666666666667
2016-09-02,3.4575,0.546666666666667,9.58833333333333
2016-09-03,4.28,2.68666666666667,2.76666666666667
2016-09-04,2.4225,2.44833333333333,2.815
2016-09-05,0.4975,1.57166666666667,0.536666666666667
2016-09-06,0.5025,3.32833333333333,0.74
2016-09-07,10.5025,4.21,2.86833333333333
2016-09-08,1.92,2.27666666666667,2.295
2016-09-09,2.135,0.025,0.711666666666667
2016-09-10,1.52,0.253333333333333,0.643333333333333
2016-09-11,0.7575,0.025,0.551666666666667
2016-09-12,1.63,0.61,0.245
2016-09-13,2.2975,0.948333333333333,0.326666666666667
2016-09-14,15.475,3.185,3.84333333333333
2016-09-15,10.8,12.23,2.12333333333333
2016-09-16,13.64,10.4733333333333,11.9866666666667
2016-09-17,8.24,8.47666666666667,5.555
2016-09-18,1.355,2.86166666666667,0.22
2016-09-19,6.37,5.04,0.7
2016-09-20,5.2725,1.00833333333333,1.68666666666667
2016-09-21,7.6275,2.07333333333333,1.02833333333333
2016-09-22,8.6625,3.19333333333333,1.52333333333333
2016-09-23,16.6125,2.66333333333333,1.72
2016-09-24,32.6275,17.4433333333333,10.345
2016-09-25,16.165,9.83666666666667,4.00833333333333
2016-09-26,13.61,8.70166666666667,1.835
2016-09-27,13.3,2.03,1.59833333333333
2016-09-28,2.85,0.483333333333333,0.033333333333333
2016-09-29,4.47,1.12333333333333,0.463333333333333
2016-09-30,3.1275,3.33333333333333,0.035
2016-10-01,1.82,0.211666666666667,2.79166666666667
2016-10-02,0.11,0.01,0.126666666666667
2016-10-03,0.0275,0.003333333333333,0.136666666666667
2016-10-04,0.5,0.233333333333333,0.045
2016-10-05,0.17,0,0.16
2016-10-06,0.09,0,0.655
2016-10-07,0.115,0.04,0.04
2016-10-08,1.15,0.188333333333333,0.063333333333333
2016-10-09,3.0825,0.718333333333333,1.865
2016-10-10,1.0875,0.641666666666667,0.321666666666667
2016-10-11,0.8275,0.2,0.133333333333333
2016-10-12,2.135,0.323333333333333,0.523333333333333
2016-10-13,4.7575,3.45333333333333,1.45333333333333
2016-10-14,8.72,2.68666666666667,6.94666666666667
2016-10-15,27.73,4.41166666666667,1.305
2016-10-16,0.1125,0.013333333333333,0.041666666666667
2016-10-17,0,0.021666666666667,0.021666666666667
2016-10-18,0.03,0.01,0
2016-10-19,0.19,0.005,0
2016-10-20,0.0375,0.003333333333333,0
2016-10-21,0.1125,0.12,0.013333333333333
2016-10-22,0.31,0.043333333333333,0.041666666666667
2016-10-23,0,0,0
2016-10-24,0.3925,0,0.003333333333333
2016-10-25,0.1825,0.053333333333333,0.003333333333333
2016-10-26,0.005,0.02,0.04
2016-10-27,0.0975,0.021666666666667,0.02
2016-10-28,0,0,0
2016-10-29,0.025,0.1,0.033333333333333
2016-10-30,0.16,0.746666666666667,1.34666666666667
2016-10-31,0,0,0.04
2017-06-01,3.98,1.06666666666667,0
2017-06-02,9.2275,0.513333333333333,3.1
2017-06-03,12.3575,1.745,8.60666666666667
2017-06-04,12.4675,3.945,6.77166666666667
2017-06-05,20.3075,0.72,13.675
2017-06-06,3.205,1.59833333333333,1.78
2017-06-07,17.835,12.19,10.5383333333333
2017-06-08,2.8875,0.918333333333333,1.2
2017-06-09,6.37,2.26833333333333,0.978333333333333
2017-06-10,12.97,7.99,2.15333333333333
2017-06-11,39.04,25.2116666666667,23.2066666666667
2017-06-12,52.0975,23.495,35.8733333333333
2017-06-13,14.91,9.64833333333333,28.4483333333333
2017-06-14,27.2675,21.5466666666667,20.9616666666667
2017-06-15,3.775,0.573333333333333,4.685
2017-06-16,10.2675,4.98333333333333,2.81333333333333
2017-06-17,15.05,3.89,8.96333333333333
2017-06-18,6.7825,5.03666666666667,0.975
2017-06-19,10.665,2.08666666666667,12.465
2017-06-20,2.1225,0.751666666666667,2.635
2017-06-21,15.125,11.935,9.235
2017-06-22,8.6325,3.585,1.90666666666667
2017-06-23,3.51,6.005,4.24833333333333
2017-06-24,11.8225,5.40166666666667,5.605
2017-06-25,33.3,18.115,19.6383333333333
2017-06-26,66.64,35.1133333333333,39.98
2017-06-27,60.545,37.0366666666667,47.7883333333333
2017-06-28,35.715,9.435,50.1683333333333
2017-06-29,23.3625,8.78666666666667,27.4033333333333
2017-06-30,22.9325,14.1466666666667,15.72
2017-07-01,26.68,15.0533333333333,8.67333333333333
2017-07-02,24.535,3.48333333333333,11.8016666666667
2017-07-03,27.195,7.42166666666667,16.0983333333333
2017-07-04,21.4575,5.29,6.06166666666667
2017-07-05,11.415,16.665,4.35833333333333
2017-07-06,23.5225,12.75,7.46833333333333
2017-07-07,20.3325,17.1383333333333,10.58
2017-07-08,10.58,3.76833333333333,3.87333333333333
2017-07-09,5.5575,0.436666666666667,1.83
2017-07-10,6.66,0.255,6.15666666666667
2017-07-11,8.9575,2.61833333333333,5.59
2017-07-12,6.275,11.8083333333333,2.83833333333333
2017-07-13,8.1625,6.19333333333333,1.04166666666667
2017-07-14,31.6025,13.01,16.405
2017-07-15,15.6275,8.80333333333333,8.16833333333333
2017-07-16,21.9325,14.0566666666667,6.47166666666667
2017-07-17,17.57,20.02,15.7566666666667
2017-07-18,34.225,29.6533333333333,24.5516666666667
2017-07-19,95.79,62.6766666666667,58.365
2017-07-20,139.7075,80.53,107.14
2017-07-21,20,16.6833333333333,14.8166666666667
2017-07-22,28.0725,27.5883333333333,11.55
2017-07-23,8.265,8.54333333333334,3.615
2017-07-24,11.22,9.18333333333333,4.20666666666667
2017-07-25,11.1025,13.22,2.77666666666667
2017-07-26,5.465,3.65333333333333,1.19
2017-07-27,8.12,10.7666666666667,4.51
2017-07-28,28.0625,19.2016666666667,7.16666666666667
2017-07-29,11.1625,5.68333333333333,3.67333333333333
2017-07-30,6.915,1.405,1.43
2017-07-31,5.09,0.21,1.02333333333333
2017-08-01,14.5275,2.37666666666667,0.233333333333333
2017-08-02,0.9825,0.906666666666667,3.06666666666667
2017-08-03,4.075,1.87333333333333,1.755
2017-08-04,53.1625,31.5016666666667,16.7683333333333
2017-08-05,53.5275,23.2233333333333,14.8233333333333
2017-08-06,29.0525,18.1116666666667,13.1383333333333
2017-08-07,17.835,3.48,7.34666666666667
2017-08-08,11.8775,1.41,2.915
2017-08-09,4.5675,0.386666666666667,0.426666666666667
2017-08-10,2.8775,5.62333333333333,3.20166666666667
2017-08-11,0.0025,0.048333333333333,0.12
2017-08-12,36.5575,19.535,17.2083333333333
2017-08-13,0.0475,0.436666666666667,0.083333333333333
2017-08-14,0.2975,0.096666666666667,2.39
2017-08-15,1.1975,0,0.61
2017-08-16,12.4875,4.14333333333333,5.33
2017-08-17,13.6575,0.721666666666667,6.95
2017-08-18,17.7075,17.6383333333333,7.965
2017-08-19,47.61,34.3766666666667,26.1016666666667
2017-08-20,38.5825,26.8083333333333,13.3333333333333
2017-08-21,52.415,45.34,28.5766666666667
2017-08-22,29.9675,23.3816666666667,39.4216666666667
2017-08-23,6.99,8.85666666666667,4.99833333333333
2017-08-24,9.22,10.0983333333333,13.0416666666667
2017-08-25,33.705,29.2133333333333,16.735
2017-08-26,7.8875,8.85666666666667,8.44833333333333
2017-08-27,49.61,29.6383333333333,21.4733333333333
2017-08-28,54.235,25.1,34.5033333333333
2017-08-29,84.3625,57.9933333333333,67.2816666666667
2017-08-30,36.955,26.3,29.3583333333333
2017-08-31,3.41,3.43833333333333,6.43666666666667
2017-09-01,5.9775,0.595,0.903333333333333
2017-09-02,1.2875,1.88,0.698333333333333
2017-09-03,1.3,0.58,0.728333333333333
2017-09-04,0.395,0.22,2.095
2017-09-05,7.1275,2.62,16.87
2017-09-06,13.52,15.17,22.5683333333333
2017-09-07,2.8125,2.32166666666667,0.178333333333333
2017-09-08,23.7925,23.1283333333333,7.38666666666667
2017-09-09,14.4375,11.875,10.8666666666667
2017-09-10,9.93,18.12,5.93
2017-09-11,7.62,1.39333333333333,7.30166666666667
2017-09-12,1.21,0.641666666666667,1.41333333333333
2017-09-13,2.0275,0.02,0.063333333333333
2017-09-14,10.915,3.13,4.63333333333333
2017-09-15,8.465,7.75,10.645
2017-09-16,13.42,1.96,7.28166666666667
2017-09-17,46.0125,25.96,44.27
2017-09-18,50.8975,20.2316666666667,62.335
2017-09-19,74.6275,44.3733333333333,46.7016666666667
2017-09-20,33.0275,20.3133333333333,25.1766666666667
2017-09-21,6.44,4.10833333333333,7.42
2017-09-22,3.6375,2.75166666666667,3.39666666666667
2017-09-23,0.1675,0.151666666666667,0.848333333333333
2017-09-24,0.0975,0,0
2017-09-25,5.215,19.4933333333333,8.17
2017-09-26,12.075,2.66,3.96166666666667
2017-09-27,27.23,7.36833333333333,9.05
2017-09-28,12.5775,12.2733333333333,2.95666666666667
2017-09-29,12.91,4.265,8.19666666666667
2017-09-30,3.1075,0.49,2.42666666666667
2017-10-01,5.175,0.681666666666666,10.8316666666667
2017-10-02,17.47,23.9083333333333,9.82166666666667
2017-10-03,2.215,2.215,0.678333333333333
2017-10-04,4.0525,0.87,3.06166666666667
2017-10-05,1.045,0.986666666666667,1
2017-10-06,3.2625,1.35,5.62333333333333
2017-10-07,7.01,7.615,3.64666666666667
2017-10-08,0.76,0.146666666666667,0.115
2017-10-09,2.67,0.22,1.84
2017-10-10,0.12,0.228333333333333,0.103333333333333
2017-10-11,5,2.18333333333333,9.82666666666667
2017-10-12,2.2925,1.59166666666667,0.318333333333333
2017-10-13,2.4,9.02,1.63333333333333
2017-10-14,16.4525,8.81666666666667,4.885
2017-10-15,16.4525,9.24666666666667,3.565
2017-10-16,2.195,0.828333333333333,0.155
2017-10-17,0.725,0.535,0.311666666666667
2017-10-18,2.6775,0.22,6
2017-10-19,0.54,1.825,0.221666666666667
2017-10-20,1.2725,0.13,0.11
2017-10-21,0.3375,0.018333333333333,0.023333333333333
2017-10-22,0.11,0.1,0.37
2017-10-23,0.0975,0.05,0.101666666666667
2017-10-24,0.0875,0.181666666666667,0
2017-10-25,0.1075,0.58,0
2017-10-26,6.41,4.76,1.42833333333333
2017-10-27,5.09,2.05166666666667,2.38333333333333
2017-10-28,11.0775,1.23166666666667,3.33666666666667
2017-10-29,0.02,0.028333333333333,0.188333333333333
2017-10-30,0,0,0.026666666666667
2017-10-31,0,0,0
2018-06-01,0.1375,3.16833333333333,0
2018-06-02,0.0175,6.23666666666667,0.368333333333333
2018-06-03,5.3925,5.56,0.686666666666667
2018-06-04,6.095,8.35833333333333,1.24
2018-06-05,10.8975,3.48833333333333,15.105
2018-06-06,4.355,3.21,2.475
2018-06-07,8.1325,2.83666666666667,10.835
2018-06-08,91.6925,37.58,57.49
2018-06-09,56.8725,48.7133333333333,44.2783333333333
2018-06-10,112.9275,56.6983333333334,71.9633333333333
2018-06-11,113.0025,73.39,86.585
2018-06-12,79.7875,83.36,93.6233333333333
2018-06-13,118.605,26.8616666666667,140.685
2018-06-14,135.6075,39.8783333333333,73.3616666666667
2018-06-15,1.4675,2.145,5.27333333333333
2018-06-16,34.6275,5.68333333333333,30.265
2018-06-17,8.3025,2.53333333333333,7.95833333333333
2018-06-18,15.8375,10.6383333333333,22.9533333333333
2018-06-19,15.745,5.78166666666667,14.3233333333333
2018-06-20,39.4225,11.9633333333333,29.995
2018-06-21,25.325,6.93833333333333,15.07
2018-06-22,7.735,3.81166666666667,13.145
2018-06-23,12.01,3.97333333333333,7.455
2018-06-24,10.705,6.31833333333333,1.69166666666667
2018-06-25,16.1275,10.755,8.78
2018-06-26,16.045,14.4016666666667,8.19833333333333
2018-06-27,66.1575,22.4766666666667,31.1866666666667
2018-06-28,93.4925,42.4516666666667,49.83
2018-06-29,22.165,8.57166666666667,14.725
2018-06-30,4.725,1.05,1.195
2018-07-01,8.955,2.67333333333333,9.44166666666666
2018-07-02,3.43,1.11666666666667,2.18833333333333
2018-07-03,9.34,2.25333333333333,1.71833333333333
2018-07-04,9.3625,5.02,6.16
2018-07-05,2.845,3.13166666666667,1.29333333333333
2018-07-06,3.7225,3.66833333333333,2.32833333333333
2018-07-07,121.8475,67.805,96.6866666666667
2018-07-08,104.99,29.23,62.9333333333333
2018-07-09,87.47,43.8683333333333,43.9033333333333
2018-07-10,93.795,63.1766666666667,54.2633333333333
2018-07-11,92.0275,69.3466666666667,57.0016666666667
2018-07-12,79.53,70.1766666666667,52.5616666666667
2018-07-13,84.7,55.035,47.4816666666667
2018-07-14,84.09,59.5966666666667,51.195
2018-07-15,75.5525,51.6483333333333,48.9016666666667
2018-07-16,76.6775,56.8816666666667,44.6533333333333
2018-07-17,91.4325,44.2016666666667,61.9283333333333
2018-07-18,38.51,32.5066666666667,22.4716666666667
2018-07-19,46.575,19.475,18.6983333333333
2018-07-20,59.6625,34.1916666666667,24.77
2018-07-21,46.4825,31.3666666666667,33.0416666666667
2018-07-22,56.4925,36.4866666666667,24.3883333333333
2018-07-23,42.015,31.9033333333333,18.8916666666667
2018-07-24,57.1975,26.91,23.5733333333333
2018-07-25,53.5425,28.39,30.8883333333333
2018-07-26,33.87,17.8616666666667,16.9583333333333
2018-07-27,9.165,7.85166666666667,14.515
2018-07-28,10.27,6.72333333333333,12.5316666666667
2018-07-29,8.4225,4.71666666666667,6.585
2018-07-30,12.4925,1.73666666666667,1.33833333333333
2018-07-31,17.5,6.175,10.1983333333333
2018-08-01,6.305,8.39166666666667,10.7933333333333
2018-08-02,14.145,9.17,12.5733333333333
2018-08-03,16.715,8.175,3.69833333333333
2018-08-04,17.765,6.11666666666667,3.91
2018-08-05,11.235,4.16666666666667,3.27833333333333
2018-08-06,5.3925,6.52333333333333,6.185
2018-08-07,20.175,20.685,16.19
2018-08-08,96.64,32.7333333333333,76.44
2018-08-09,90.065,68.65,52.2233333333333
2018-08-10,27.74,15.9033333333333,9.75
2018-08-11,51.6375,17.1266666666667,7.725
2018-08-12,53.85,36.4666666666667,17.3466666666667
2018-08-13,104.69,84.7133333333333,53.0233333333333
2018-08-14,147.84,87.4816666666667,116.461666666667
2018-08-15,137.695,57.25,80.2333333333333
2018-08-16,123.0475,76.86,78.515
2018-08-17,149.405,87.8983333333333,117.648333333333
2018-08-18,62.9925,33.2066666666667,29.51
2018-08-19,57.655,36.71,32.345
2018-08-20,32.6825,17.95,7.26666666666667
2018-08-21,25.54,20.9366666666667,14.3916666666667
2018-08-22,20.1575,13.125,7.47666666666667
2018-08-23,15.4875,7.75,8.675
2018-08-24,10.9875,6.05333333333333,2.72333333333333
2018-08-25,3.98,1.91833333333333,0.816666666666667
2018-08-26,4.0475,1.4,0.671666666666667
2018-08-27,11.5325,9.97666666666667,5.53333333333333
2018-08-28,30.8,13.3766666666667,11.4066666666667
2018-08-29,41.0275,20.045,16.78
2018-08-30,15.1725,7.94833333333333,1.63
2018-08-31,26.25,8.80333333333333,12.2833333333333
2018-09-01,4.365,4.61666666666667,4.46833333333333
2018-09-02,0.4525,0.018333333333333,3.605
2018-09-03,3.4975,0.903333333333333,5.97166666666667
2018-09-04,0.1,0.048333333333333,0.691666666666667
2018-09-05,0.125,0,1.19833333333333
2018-09-06,0.0425,0.635,0.466666666666667
2018-09-07,2.105,3.3,0.928333333333333
2018-09-08,3.02,6.015,3.67333333333333
2018-09-09,1.815,1.00833333333333,1.5
2018-09-10,0.155,0.095,0.875
2018-09-11,0,0,0.795
2018-09-12,5.12,3.38833333333333,2.22833333333333
2018-09-13,0.64,0.51,0.736666666666667
2018-09-14,0,0.115,0.688333333333333
2018-09-15,0,0,0.666666666666667
2018-09-16,0.5075,0,1.98
2018-09-17,1.9025,0.135,4.315
2018-09-18,2.8825,1.66833333333333,6.96166666666667
2018-09-19,0.045,0,1.65333333333333
2018-09-20,0,0.003333333333333,0.621666666666667
2018-09-21,1.6825,1.2,0.251666666666667
2018-09-22,0,0.035,0.346666666666667
2018-09-23,0.505,0,0.348333333333333
2018-09-24,5,5.63166666666667,23.1283333333333
2018-09-25,1.17,2.59,2.20833333333333
2018-09-26,21.79,46.7566666666667,25.5433333333333
2018-09-27,15.2175,10.4683333333333,9.00666666666667
2018-09-28,5.105,7.93666666666667,3.615
2018-09-29,19.4125,11.5833333333333,7.065
2018-09-30,2.475,4.36333333333333,2.81666666666667
2018-10-01,10.55,3.62333333333333,3.56833333333333
2018-10-02,6.8075,2.42333333333333,12.2633333333333
2018-10-03,2.6775,0.698333333333333,0.071666666666667
2018-10-04,10.965,2.91166666666667,3.44166666666667
2018-10-05,5.9,7.02166666666667,5.47166666666667
2018-10-06,12.6025,5.605,10.46
2018-10-07,3.01,0.271666666666667,4.08166666666667
2018-10-08,0.12,0.02,0.145
2018-10-09,26.1425,13.455,19.1483333333333
2018-10-10,20.315,16.7933333333333,5.635
2018-10-11,0.2225,0.295,0.293333333333333
2018-10-12,0.965,0.233333333333333,0.075
2018-10-13,0.865,0.17,0.041666666666667
2018-10-14,3.385,0.731666666666667,0.093333333333333
2018-10-15,20.29,7.79333333333333,4.385
2018-10-16,1.7625,5.78833333333333,8.20166666666667
2018-10-17,18.275,24.6933333333333,18.2833333333333
2018-10-18,0.9475,1.415,0.585
2018-10-19,6.785,2.78,4.06333333333333
2018-10-20,12.8475,10.7333333333333,8.40833333333333
2018-10-21,4.61,0.6,5.93833333333333
2018-10-22,0,0.033333333333333,0.118333333333333
2018-10-23,0.115,0.031666666666667,0.073333333333333
2018-10-24,0,0,0.041666666666667
2018-10-25,0,0,0
2018-10-26,0,0,0
2018-10-27,0,0.036666666666667,0.056666666666667
2018-10-28,0,0,0
2018-10-29,0,0,0.016666666666667
2018-10-30,0.0375,0.016666666666667,0.063333333333333
2018-10-31,0,0,0
